Barcode,keep
AAACCCAAGCCTCATA-1,keep
AAACCCACACTATCGA-1,keep
AAACCCACATTCAGCA-1,keep
AAACCCATCCATTGTT-1,keep
AAACCCATCCGTGACG-1,keep
AAACCCATCTCGGTAA-1,keep
AAACGAAAGCCAGTAG-1,keep
AAACGAAAGGCTTAGG-1,keep
AAACGAAAGGTACATA-1,keep
AAACGAAAGGTGCTGA-1,keep
AAACGAAAGTGGGAAA-1,keep
AAACGAACAAGACGGT-1,keep
AAACGAACATCCTCAC-1,keep
AAACGAATCACCTCTG-1,keep
AAACGAATCGAGAACG-1,keep
AAACGAATCTATTCGT-1,keep
AAACGCTAGATGGTCG-1,keep
AAACGCTCAGCGATTT-1,keep
AAACGCTCAGTTGGTT-1,keep
AAACGCTGTCCTTTGC-1,keep
AAACGCTTCGCCATAA-1,keep
AAAGAACAGTAACGTA-1,keep
AAAGAACCAAGGTCAG-1,keep
AAAGAACCACTGCGTG-1,keep
AAAGAACCATACGCAT-1,keep
AAAGAACGTATGTCTG-1,keep
AAAGAACGTTAAGACA-1,keep
AAAGAACGTTGGTGTT-1,keep
AAAGAACTCACCTACC-1,keep
AAAGAACTCATGCAGT-1,keep
AAAGGATAGAGTATAC-1,keep
AAAGGATAGCACAAAT-1,keep
AAAGGATCAAGTGACG-1,keep
AAAGGATCACGAGGTA-1,keep
AAAGGATCAGGCTTGC-1,keep
AAAGGGCAGCGTCGAA-1,keep
AAAGGGCAGGGATCTG-1,keep
AAAGGGCCACAGCATT-1,keep
AAAGGGCGTGATCATC-1,keep
AAAGGGCTCTAGACCA-1,keep
AAAGGGCTCTGTCTCG-1,keep
AAAGGGCTCTTTGCTA-1,keep
AAAGGTAAGAGGCTGT-1,keep
AAAGGTAAGGTTACAA-1,keep
AAAGGTAAGTTGCTCA-1,keep
AAAGGTACAGACTCTA-1,keep
AAAGGTAGTACTAGCT-1,keep
AAAGTCCAGCACCAGA-1,keep
AAAGTCCTCTATGCCC-1,keep
AAAGTCCTCTGTCCGT-1,keep
AAAGTGAAGCTAATGA-1,keep
AAAGTGAAGTGAGGCT-1,keep
AAAGTGACATGTGACT-1,keep
AAAGTGAGTCAGTTTG-1,keep
AAAGTGAGTGAGTTGG-1,keep
AAAGTGATCCATGAGT-1,keep
AAAGTGATCCCTTGTG-1,keep
AAATGGAAGAGTGTGC-1,keep
AAATGGACAATCTCTT-1,keep
AAATGGATCTACTGAG-1,keep
AAATGGATCTGGTCAA-1,keep
AACAAAGCACAATCTG-1,keep
AACAAAGCACTGGCCA-1,keep
AACAAAGGTATCAGCT-1,keep
AACAAAGGTCAGTCTA-1,keep
AACAAAGGTCCGGACT-1,keep
AACAAAGGTGACAACG-1,keep
AACAAAGGTTAAGACA-1,keep
AACAAAGTCAATCCAG-1,keep
AACAACCAGAGTCTTC-1,keep
AACAACCCATGACAGG-1,keep
AACAACCGTGTATTGC-1,keep
AACAACCTCCCATGGG-1,keep
AACAACCTCGGACGTC-1,keep
AACAACCTCTCGTGGG-1,keep
AACAAGAAGGGTGAAA-1,keep
AACAAGACAACCGTAT-1,keep
AACAAGATCACCACAA-1,keep
AACAAGATCCCGAGTG-1,keep
AACAAGATCGGCTGAC-1,keep
AACACACAGGATTTCC-1,keep
AACACACAGTTACGAA-1,keep
AACACACGTCACTCTC-1,keep
AACACACGTGCGGTAA-1,keep
AACACACTCACGATAC-1,keep
AACAGGGAGCTAAGTA-1,keep
AACAGGGGTCCTCCAT-1,keep
AACAGGGGTGGTTTAC-1,keep
AACCAACAGACTCTTG-1,keep
AACCAACAGATGAAGG-1,keep
AACCAACAGGATACCG-1,keep
AACCAACCACGCCACA-1,keep
AACCAACCACTGGAAG-1,keep
AACCAACGTCTCTCTG-1,keep
AACCAACTCAGTGGGA-1,keep
AACCACAAGGTAAGAG-1,keep
AACCACACAAATCGGG-1,keep
AACCACAGTTGTGTTG-1,keep
AACCATGAGCTGGTGA-1,keep
AACCCAAAGATTGCGG-1,keep
AACCCAAAGCGATTCT-1,keep
AACCCAACATGTTTGG-1,keep
AACCCAAGTGCGCTCA-1,keep
AACCCAAGTTAGCTAC-1,keep
AACCCAATCTATGTGG-1,keep
AACCTGAAGATGAAGG-1,keep
AACCTGACAACTGCTA-1,keep
AACCTGACAAGTTCCA-1,keep
AACCTGAGTATCTTCT-1,keep
AACCTGAGTTATCTTC-1,keep
AACCTGATCATAGGCT-1,keep
AACCTGATCCTTATAC-1,keep
AACCTGATCGGAGATG-1,keep
AACCTGATCTGCTCTG-1,keep
AACCTTTAGGCCATAG-1,keep
AACCTTTAGGTAGGCT-1,keep
AACCTTTCATGACTCA-1,keep
AACCTTTTCGGTCGGT-1,keep
AACGAAAAGTGAGGTC-1,keep
AACGAAACAATACGCT-1,keep
AACGAAACATGACGGA-1,keep
AACGAAAGTCCGAAGA-1,keep
AACGAAAGTTCGTGCG-1,keep
AACGAAATCCATGCAA-1,keep
AACGGGACAATTGCCA-1,keep
AACGGGAGTCACGCTG-1,keep
AACGTCAAGTCAGCCC-1,keep
AACGTCACACTTCAGA-1,keep
AACGTCACATGTGACT-1,keep
AACGTCAGTGGATGAC-1,keep
AACGTCATCGTTTACT-1,keep
AACTTCTAGTGGCGAT-1,keep
AACTTCTCATGGCTAT-1,keep
AACTTCTGTAGACGTG-1,keep
AACTTCTTCTGGACCG-1,keep
AAGAACAAGCGCCGTT-1,keep
AAGAACATCAAATAGG-1,keep
AAGACAAAGATTGCGG-1,keep
AAGACAAAGGGCAGAG-1,keep
AAGACAAGTAGGCTGA-1,keep
AAGACAATCCGTGGCA-1,keep
AAGACAATCCTAGCGG-1,keep
AAGACTCAGCCAGTAG-1,keep
AAGACTCGTACATTGC-1,keep
AAGACTCGTAGAATGT-1,keep
AAGACTCGTGTCACAT-1,keep
AAGACTCGTTCGATTG-1,keep
AAGACTCTCCGTTGGG-1,keep
AAGACTCTCGTTATCT-1,keep
AAGACTCTCTGCGTCT-1,keep
AAGATAGAGCTTAAGA-1,keep
AAGATAGCACTACACA-1,keep
AAGATAGCATAGAATG-1,keep
AAGATAGTCACTTCTA-1,keep
AAGCATCCAAGTCATC-1,keep
AAGCATCGTATACCCA-1,keep
AAGCATCGTGGACCTC-1,keep
AAGCATCTCCGTTGGG-1,keep
AAGCGAGAGCTGCCAC-1,keep
AAGCGAGCAACCACGC-1,keep
AAGCGTTGTAGAGACC-1,keep
AAGCGTTTCCCATTTA-1,keep
AAGGAATGTCCACTTC-1,keep
AAGGAATGTTGATGTC-1,keep
AAGGAATTCATCTGTT-1,keep
AAGGAATTCCCAGTGG-1,keep
AAGGTAAAGTCGAATA-1,keep
AAGGTAATCGAAGCAG-1,keep
AAGTACCAGCCGGAAT-1,keep
AAGTACCAGGTGGGTT-1,keep
AAGTACCCAATGCTCA-1,keep
AAGTACCGTTGTGTTG-1,keep
AAGTACCTCACGGAGA-1,keep
AAGTCGTGTGGTGATG-1,keep
AAGTCGTTCCCATACC-1,keep
AAGTCGTTCCCGAGTG-1,keep
AAGTCGTTCGGCCAAC-1,keep
AAGTGAAAGGATTCAA-1,keep
AAGTGAAAGGCGAACT-1,keep
AAGTGAAAGTCTTGGT-1,keep
AAGTGAAAGTGCAGCA-1,keep
AAGTGAACAAGATTGA-1,keep
AAGTGAAGTGCTGATT-1,keep
AAGTGAAGTTGAATCC-1,keep
AAGTGAATCATGACAC-1,keep
AAGTGAATCGCCTATC-1,keep
AAGTGAATCGTTCTGC-1,keep
AAGTTCGAGACCAACG-1,keep
AAGTTCGCAACACAGG-1,keep
AAGTTCGCATAACGGG-1,keep
AAGTTCGCATCTAGAC-1,keep
AAGTTCGTCAATGTCG-1,keep
AAGTTCGTCAGAGTTC-1,keep
AAGTTCGTCCCGTTGT-1,keep
AAGTTCGTCGGAGTAG-1,keep
AAGTTCGTCTTGGAAC-1,keep
AATAGAGCAAACGGCA-1,keep
AATAGAGCAAAGGATT-1,keep
AATAGAGCAAATCAGA-1,keep
AATAGAGCAATGTGGG-1,keep
AATAGAGGTGGCTTAT-1,keep
AATCACGAGAAGTGTT-1,keep
AATCACGAGAGTCAGC-1,keep
AATCACGCACCGTACG-1,keep
AATCACGTCTTGAGCA-1,keep
AATCGACAGCGGTATG-1,keep
AATCGACCAACTCCCT-1,keep
AATCGACGTCACTAGT-1,keep
AATCGACGTGCTTCAA-1,keep
AATCGACTCGCCTATC-1,keep
AATCGTGAGCAAGTGC-1,keep
AATCGTGAGTGAGTGC-1,keep
AATCGTGAGTTTAGGA-1,keep
AATCGTGGTGAGATTA-1,keep
AATCGTGTCACCTACC-1,keep
AATCGTGTCATACAGC-1,keep
AATCGTGTCCGAACGC-1,keep
AATCGTGTCGATGCAT-1,keep
AATGAAGAGAGCAGAA-1,keep
AATGAAGAGCCAACCC-1,keep
AATGAAGAGTACCATC-1,keep
AATGAAGCAGTCCGTG-1,keep
AATGAAGGTATCGCAT-1,keep
AATGAAGGTCAACCTA-1,keep
AATGAAGTCATTTCGT-1,keep
AATGACCAGGAACTCG-1,keep
AATGACCAGGTCGAGT-1,keep
AATGACCGTCGTCTCT-1,keep
AATGACCGTTGTGGAG-1,keep
AATGACCTCAGCGCGT-1,keep
AATGACCTCGTAACAC-1,keep
AATGCCACAAATCGTC-1,keep
AATGCCACAACTCGTA-1,keep
AATGCCACAGACGGAT-1,keep
AATGGAAAGACCCTTA-1,keep
AATGGAAAGTGGTCAG-1,keep
AATGGAACATGGCGCT-1,keep
AATGGAAGTAACATCC-1,keep
AATGGAAGTTGGGACA-1,keep
AATGGAATCGATCCCT-1,keep
AATGGCTAGCTAGCCC-1,keep
AATGGCTAGTCAGAGC-1,keep
AATGGCTGTTCTCTCG-1,keep
AATGGCTGTTGAGGAC-1,keep
AATGGCTTCAAGCTTG-1,keep
AATGGCTTCACCTCGT-1,keep
AATGGCTTCCTACTGC-1,keep
AATGGCTTCTAGACAC-1,keep
AATGGCTTCTCTCCGA-1,keep
AATTCCTAGAGGCCAT-1,keep
AATTCCTAGCCACTCG-1,keep
AATTCCTCACAGAGAC-1,keep
AATTCCTGTCCGAAGA-1,keep
AATTCCTTCGCGAAGA-1,keep
AATTTCCCACACGGAA-1,keep
ACAAAGAAGCAGCGAT-1,keep
ACAAAGAAGCTTTCTT-1,keep
ACAAAGAAGTTGAAGT-1,keep
ACAAAGAGTCGAACGA-1,keep
ACAAAGAGTCGAGTGA-1,keep
ACAAAGAGTGCAATAA-1,keep
ACAAAGATCGGCACTG-1,keep
ACAACCAAGCACTAAA-1,keep
ACAACCAAGTCCCGGT-1,keep
ACAACCAAGTCTCCTC-1,keep
ACAACCACACGCAAAG-1,keep
ACAAGCTAGACCGCCT-1,keep
ACAAGCTAGCTGGTGA-1,keep
ACAAGCTCATGTACGT-1,keep
ACACAGTAGGGTATAT-1,keep
ACACAGTGTAGGCAGT-1,keep
ACACAGTGTGTGTTTG-1,keep
ACACAGTTCCAGTTCC-1,keep
ACACCAAGTGCCTAAT-1,keep
ACACCAATCATAGGCT-1,keep
ACACCAATCGTTCCTG-1,keep
ACACGCGAGAGCTTTC-1,keep
ACACGCGAGTCAGCCC-1,keep
ACACTGAAGGATACAT-1,keep
ACACTGACACTTCAAG-1,keep
ACACTGACAGGCGTTC-1,keep
ACACTGAGTACCCGAC-1,keep
ACACTGAGTCACCGAC-1,keep
ACACTGAGTCTGCGCA-1,keep
ACACTGATCAAACGTC-1,keep
ACACTGATCTAGGCCG-1,keep
ACAGAAAAGTGCAGGT-1,keep
ACAGAAACAGCACGAA-1,keep
ACAGAAAGTGATATAG-1,keep
ACAGAAAGTTGCAAGG-1,keep
ACAGCCGAGTCAATCC-1,keep
ACAGCCGCACGGTGCT-1,keep
ACAGCCGCAGCGTTTA-1,keep
ACAGCCGGTACGACTT-1,keep
ACAGCCGGTCTCACGG-1,keep
ACATCCCAGTGGTTAA-1,keep
ACATCCCGTATCACCA-1,keep
ACATCCCGTCACGACC-1,keep
ACATCCCGTGTAGTGG-1,keep
ACATCCCTCTCGCCTA-1,keep
ACATCGAAGGAGCAAA-1,keep
ACATCGACATGTACGT-1,keep
ACATCGAGTCCACACG-1,keep
ACATCGATCACTACTT-1,keep
ACATGCACAAGTATCC-1,keep
ACATGCACAATTCACG-1,keep
ACATGCACATCAGTGT-1,keep
ACATGCAGTCCTCATC-1,keep
ACATTTCAGAATCTAG-1,keep
ACATTTCAGAGCACTG-1,keep
ACATTTCAGCTCGTGC-1,keep
ACATTTCGTCGCCTAG-1,keep
ACATTTCGTTCTTAGG-1,keep
ACATTTCTCTAGTGTG-1,keep
ACATTTCTCTCCGCAT-1,keep
ACCAAACCACCAGGTC-1,keep
ACCAAACCATCGATGT-1,keep
ACCAACAAGCGTTAGG-1,keep
ACCAACAAGTATTCCG-1,keep
ACCAACATCCCTGGTT-1,keep
ACCACAAAGTATGGCG-1,keep
ACCACAAAGTGATGGC-1,keep
ACCACAACACTTTATC-1,keep
ACCACAAGTCAAGTTC-1,keep
ACCATTTGTAAGCTCT-1,keep
ACCATTTGTAGAATGT-1,keep
ACCATTTGTAGTCCTA-1,keep
ACCATTTTCGTACCTC-1,keep
ACCATTTTCGTCAAAC-1,keep
ACCATTTTCGTTAGTG-1,keep
ACCCAAAAGCCAGACA-1,keep
ACCCAAAAGGAATTAC-1,keep
ACCCAAAAGGTCACAG-1,keep
ACCCAAACAACAGCCC-1,keep
ACCCAAACAATACCTG-1,keep
ACCCAAAGTGCCTGAC-1,keep
ACCCAAAGTTCGGCGT-1,keep
ACCCTCAAGTAGTCTC-1,keep
ACCCTCACAGGTTACT-1,keep
ACCCTCAGTAAGTCAA-1,keep
ACCCTCAGTCAAGTTC-1,keep
ACCCTCAGTTGTAAAG-1,keep
ACCCTCAGTTGTGGAG-1,keep
ACCCTCATCCCTGTTG-1,keep
ACCCTTGAGGCGTCCT-1,keep
ACCCTTGCAGTCGGAA-1,keep
ACCCTTGGTGCCCAGT-1,keep
ACCCTTGTCTCCCTAG-1,keep
ACCGTTCAGATGTAGT-1,keep
ACCGTTCAGCGGTATG-1,keep
ACCGTTCCAAGGCTTT-1,keep
ACCGTTCCACCTGCTT-1,keep
ACCGTTCGTCCCTCAT-1,keep
ACCTACCAGAGAAGGT-1,keep
ACCTACCCAGCTAACT-1,keep
ACCTACCGTATGCTAC-1,keep
ACCTACCTCGGCATAT-1,keep
ACCTGAAAGGGAGTTC-1,keep
ACCTGAACAGTCCGTG-1,keep
ACCTGAAGTCGCGGTT-1,keep
ACCTGAAGTTGTGTAC-1,keep
ACCTGTCAGCTACTGT-1,keep
ACCTGTCCATTGAGCT-1,keep
ACCTGTCGTGTTAGCT-1,keep
ACGATCAGTATCTCTT-1,keep
ACGATCAGTCGATGCC-1,keep
ACGATCAGTCTTTCAT-1,keep
ACGATCATCAGTGTTG-1,keep
ACGATGTAGATCACTC-1,keep
ACGATGTAGCTGTCCG-1,keep
ACGATGTAGGTACTGG-1,keep
ACGATGTAGGTCGAGT-1,keep
ACGATGTCACTTGAAC-1,keep
ACGATGTGTCGTGCCA-1,keep
ACGCACGCAACCGGAA-1,keep
ACGCACGCAGAGTAAT-1,keep
ACGCACGCATCTCATT-1,keep
ACGCACGCATTCTCTA-1,keep
ACGCACGGTGATTCAC-1,keep
ACGCACGTCAACTGAC-1,keep
ACGCACGTCAGAGCAG-1,keep
ACGGAAGAGCTTTCTT-1,keep
ACGGAAGAGGTCGCCT-1,keep
ACGGAAGGTAAGACCG-1,keep
ACGGAAGGTATCCCTC-1,keep
ACGGAAGGTCGCGTCA-1,keep
ACGGAAGGTGTTGATC-1,keep
ACGGAAGTCTATTGTC-1,keep
ACGGAAGTCTTACGGA-1,keep
ACGGGTCAGAGATTCA-1,keep
ACGGGTCAGGTCGTAG-1,keep
ACGGGTCAGGTTCCGC-1,keep
ACGGGTCAGTCACAGG-1,keep
ACGGGTCCAGCACAAG-1,keep
ACGGGTCCAGCACAGA-1,keep
ACGGGTCTCTACGCGG-1,keep
ACGGTCGCATGGATCT-1,keep
ACGGTCGGTGACTGAG-1,keep
ACGGTCGTCTAAGAAG-1,keep
ACGGTTAAGCATGCGA-1,keep
ACGGTTACATCGCTAA-1,keep
ACGGTTAGTTGCATGT-1,keep
ACGGTTATCGATACGT-1,keep
ACGTAACCACATACGT-1,keep
ACGTAACGTACCTAGT-1,keep
ACGTAACGTGGCTAGA-1,keep
ACGTAACGTTACCCAA-1,keep
ACGTAACGTTCAAGTC-1,keep
ACGTAACTCGATGCAT-1,keep
ACGTACACATAATCCG-1,keep
ACGTACACATACTTTC-1,keep
ACGTACACATCTAGAC-1,keep
ACGTACAGTAGCTTAC-1,keep
ACGTAGTAGCCAACCC-1,keep
ACGTAGTCAACGACTT-1,keep
ACGTAGTGTCAGTCCG-1,keep
ACGTAGTGTGGCCTCA-1,keep
ACGTAGTTCAAGTGTC-1,keep
ACGTAGTTCGACCAAT-1,keep
ACGTCCTGTTGCTCCT-1,keep
ACGTCCTTCGACGAGA-1,keep
ACGTTCCCATGGAACG-1,keep
ACGTTCCGTTGCGGAA-1,keep
ACGTTCCTCAGCTGAT-1,keep
ACTACGATCAGGTAAA-1,keep
ACTATCTAGTCATGGG-1,keep
ACTATCTAGTGCCAGA-1,keep
ACTATCTGTATCGCTA-1,keep
ACTATCTTCAAACTGC-1,keep
ACTATGGAGATCCCGC-1,keep
ACTATGGAGCATGCGA-1,keep
ACTATGGCACACTTAG-1,keep
ACTATGGGTAGAGGAA-1,keep
ACTATGGTCTGGGCGT-1,keep
ACTATTCAGCATGCAG-1,keep
ACTATTCCAATGTCAC-1,keep
ACTATTCTCCGGCAAC-1,keep
ACTCCCAAGACCGCCT-1,keep
ACTCCCAGTCCAGAAG-1,keep
ACTCCCAGTGGCAACA-1,keep
ACTCCCAGTTAAGGAT-1,keep
ACTCTCGAGGGAGAAT-1,keep
ACTCTCGCAAATCAGA-1,keep
ACTCTCGGTGCAATGG-1,keep
ACTCTCGGTTCGATTG-1,keep
ACTCTCGTCAAATAGG-1,keep
ACTGATGGTACTCAAC-1,keep
ACTGATGTCATGCCGG-1,keep
ACTGCAAGTTGGCCGT-1,keep
ACTGTCCGTCGCTTAA-1,keep
ACTGTCCGTGTAACGG-1,keep
ACTGTGAAGTGCTCAT-1,keep
ACTGTGACACCGTGGT-1,keep
ACTGTGACATAGACTC-1,keep
ACTGTGAGTCACCGCA-1,keep
ACTGTGATCCGAGTGC-1,keep
ACTTAGGAGACTGTTC-1,keep
ACTTAGGAGTCGGCAA-1,keep
ACTTAGGCAATGCAAA-1,keep
ACTTAGGCACCATTCC-1,keep
ACTTAGGTCTTGCGCT-1,keep
ACTTATCAGATTGAGT-1,keep
ACTTATCAGTATGAGT-1,keep
ACTTATCCAGCAGTTT-1,keep
ACTTATCCATGAAGCG-1,keep
ACTTATCGTTTGCAGT-1,keep
ACTTATCTCCGACGGT-1,keep
ACTTCCGCATCTGTTT-1,keep
ACTTCCGGTGATACCT-1,keep
ACTTCCGGTGATAGAT-1,keep
ACTTCCGTCGTTGTGA-1,keep
ACTTCCGTCTCAGGCG-1,keep
ACTTCCGTCTTACGGA-1,keep
ACTTCGCCAGAATTCC-1,keep
ACTTCGCCATCAGTGT-1,keep
ACTTCGCGTGTGGTCC-1,keep
ACTTTCAAGACCGCCT-1,keep
ACTTTCAAGGTAAGTT-1,keep
ACTTTCACACAAAGTA-1,keep
ACTTTCAGTAGACAGC-1,keep
ACTTTCAGTCCAAAGG-1,keep
ACTTTCAGTCCCTAAA-1,keep
ACTTTCAGTTGCCAAT-1,keep
ACTTTGTCAGACCTGC-1,keep
ACTTTGTGTGCAATAA-1,keep
ACTTTGTGTGGTTCTA-1,keep
ACTTTGTTCAAGCTTG-1,keep
ACTTTGTTCATGTCTT-1,keep
ACTTTGTTCGTTGTAG-1,keep
AGAAATGAGAATACAC-1,keep
AGAAATGAGCACTCCG-1,keep
AGAAATGCACTTGGCG-1,keep
AGAAATGCAGTTTGGT-1,keep
AGAAATGCATTCAGCA-1,keep
AGAAATGGTTCTCACC-1,keep
AGAAATGTCGTCGCTT-1,keep
AGAACAATCCGCGGAT-1,keep
AGAACCTAGAAGCGAA-1,keep
AGAACCTAGATGCTTC-1,keep
AGAACCTCACCTATCC-1,keep
AGAACCTCATGGGATG-1,keep
AGAACCTGTCGTCGGT-1,keep
AGAACCTGTTATAGCC-1,keep
AGAACCTTCTTTGGAG-1,keep
AGAAGCGCAATTCTTC-1,keep
AGAAGCGTCCACGTCT-1,keep
AGAAGTAAGCTCAGAG-1,keep
AGAAGTAAGGCAGGGA-1,keep
AGAAGTAAGTTAACGA-1,keep
AGAAGTACAAACGGCA-1,keep
AGAAGTACACCAGTTA-1,keep
AGAAGTACAGTAGTGG-1,keep
AGAAGTAGTATCGCGC-1,keep
AGAAGTAGTGCTGCAC-1,keep
AGAAGTATCCTTATCA-1,keep
AGACAAAAGCGCTGAA-1,keep
AGACAAACAAAGCGTG-1,keep
AGACAAACAGAGCGTA-1,keep
AGACAAAGTCACTTAG-1,keep
AGACAAATCACCCTGT-1,keep
AGACACTAGTATTGCC-1,keep
AGACACTGTTAGAAAC-1,keep
AGACACTTCAAGAGGC-1,keep
AGACACTTCGTGTTCC-1,keep
AGACAGGAGGCTCCCA-1,keep
AGACAGGCAACATACC-1,keep
AGACAGGGTAGAATGT-1,keep
AGACAGGTCAGATTGC-1,keep
AGACAGGTCCCATGGG-1,keep
AGACAGGTCGGTGCAC-1,keep
AGACCATAGCGTATAA-1,keep
AGACCATAGCTAAACA-1,keep
AGACCATAGCTTTCCC-1,keep
AGACCATAGGCTTAAA-1,keep
AGACCATCAACACAGG-1,keep
AGACCATGTCCCGTGA-1,keep
AGACCATTCGCACGGT-1,keep
AGACCATTCGTTCTAT-1,keep
AGACCATTCTCGACGG-1,keep
AGACCCGAGAATTTGG-1,keep
AGACCCGAGCGACTGA-1,keep
AGACCCGCAATGAGCG-1,keep
AGACCCGCATCGATGT-1,keep
AGACCCGTCGGCATCG-1,keep
AGACTCAAGAGCAAGA-1,keep
AGACTCACACAGCTGC-1,keep
AGACTCACACTACCCT-1,keep
AGACTCAGTAGCGTTT-1,keep
AGACTCAGTCACTACA-1,keep
AGACTCATCACCCTCA-1,keep
AGACTCATCATTCGGA-1,keep
AGACTCATCCCAGCGA-1,keep
AGAGAATCAAGTTCGT-1,keep
AGAGAATCACAGTCGC-1,keep
AGAGAATCACTGGATT-1,keep
AGAGAATTCACGATAC-1,keep
AGAGAATTCGAGTGGA-1,keep
AGAGAATTCTGGAAGG-1,keep
AGAGAGCAGCACGTCC-1,keep
AGAGAGCCAATCCTAG-1,keep
AGAGAGCCACCAGCCA-1,keep
AGAGAGCGTTACGTAC-1,keep
AGAGAGCTCACGTAGT-1,keep
AGAGCAGAGGGATGTC-1,keep
AGAGCAGGTGATTAGA-1,keep
AGAGCAGTCACAGTGT-1,keep
AGAGCAGTCAGATGCT-1,keep
AGAGCAGTCGATGCTA-1,keep
AGAGCCCAGAAGCTCG-1,keep
AGAGCCCCAGTCTACA-1,keep
AGAGCCCGTGCTTCAA-1,keep
AGAGCCCTCAGTGCGC-1,keep
AGATAGAAGATTGATG-1,keep
AGATAGAAGCGGACAT-1,keep
AGATAGACAGCGTATT-1,keep
AGATAGACAGGCATGA-1,keep
AGATAGAGTCGAGATG-1,keep
AGATAGAGTTTAGAGA-1,keep
AGATCCAAGGTACCTT-1,keep
AGATCCACAAGACGAC-1,keep
AGATCCACACTATCCC-1,keep
AGATCCACAGAATTCC-1,keep
AGATCCACATAGGCGA-1,keep
AGATCCAGTACTTCCC-1,keep
AGATCCAGTCTCGCGA-1,keep
AGATCCATCAGCTTGA-1,keep
AGATCCATCCAGCACG-1,keep
AGATCGTAGGATAATC-1,keep
AGATCGTAGTAAGGGA-1,keep
AGATCGTCAGCCCAGT-1,keep
AGATCGTTCGATTTCT-1,keep
AGATGAACAGAACTTC-1,keep
AGATGAATCGTTGTGA-1,keep
AGATGCTAGTGTTCAC-1,keep
AGATGCTCAAGGCTTT-1,keep
AGATGCTCAATCACGT-1,keep
AGATGCTCATGATGCT-1,keep
AGATGCTGTATCGAAA-1,keep
AGATGCTGTCACAGAG-1,keep
AGATGCTGTCGCAGTC-1,keep
AGATGCTTCACCATCC-1,keep
AGATGCTTCCCGTGAG-1,keep
AGATGCTTCTCATAGG-1,keep
AGCATCAAGGTCCTGC-1,keep
AGCATCAAGTCTACCA-1,keep
AGCATCAGTCCAGCCA-1,keep
AGCATCAGTGGCAGAT-1,keep
AGCATCAGTGTCGATT-1,keep
AGCATCATCGTTCCCA-1,keep
AGCCAATAGTGGGAAA-1,keep
AGCCAATCACCAGCGT-1,keep
AGCCAATCAGAAACCG-1,keep
AGCCAATGTCAATCTG-1,keep
AGCCAATGTTGCCATA-1,keep
AGCCAATTCCTTGAAG-1,keep
AGCCACGAGAAGGCTC-1,keep
AGCCACGAGGTCATAA-1,keep
AGCCACGCAAACGTGG-1,keep
AGCCACGCACTACCGG-1,keep
AGCCACGGTCTGCGCA-1,keep
AGCCACGTCCATATGG-1,keep
AGCCACGTCCTGCCAT-1,keep
AGCCACGTCGAACTCA-1,keep
AGCCAGCGTGATCATC-1,keep
AGCCAGCGTTACAGCT-1,keep
AGCCAGCTCGCCAATA-1,keep
AGCGATTAGCGACATG-1,keep
AGCGATTAGGTGATAT-1,keep
AGCGATTCAGAGCTAG-1,keep
AGCGATTCATCATTTC-1,keep
AGCGATTGTACGATGG-1,keep
AGCGATTTCCTGGGAC-1,keep
AGCGATTTCCTGTAAG-1,keep
AGCGATTTCTTACTGT-1,keep
AGCGCCAAGCTAGAAT-1,keep
AGCGCCACATCGAACT-1,keep
AGCGCCAGTATGGAGC-1,keep
AGCGCCAGTCTCACAA-1,keep
AGCGCCAGTTATCCAG-1,keep
AGCGCTGCATCGATGT-1,keep
AGCGCTGGTGAGTAAT-1,keep
AGCGCTGTCTCACTCG-1,keep
AGCGTATTCAGCGGAA-1,keep
AGCGTATTCAGCTGTA-1,keep
AGCGTATTCCGACAGC-1,keep
AGCGTATTCCTAGCCT-1,keep
AGCGTATTCGTGGACC-1,keep
AGCGTCGAGTACCGGA-1,keep
AGCGTCGAGTATCCTG-1,keep
AGCGTCGCAAACAGGC-1,keep
AGCGTCGCAACTGATC-1,keep
AGCGTCGCACTGTGAT-1,keep
AGCGTCGGTCAGCGTC-1,keep
AGCTACAAGCTCCCTT-1,keep
AGCTACAAGGTGGTTG-1,keep
AGCTACAAGTCCCAGC-1,keep
AGCTACAGTTCTAAGC-1,keep
AGCTACATCGTTCTAT-1,keep
AGCTCAACAGAGGGTT-1,keep
AGCTCAAGTTACAGCT-1,keep
AGCTCAATCAATCGGT-1,keep
AGCTCAATCGCACGGT-1,keep
AGCTTCCAGTAGTCAA-1,keep
AGCTTCCAGTCACGCC-1,keep
AGCTTCCGTATTCTCT-1,keep
AGCTTCCTCACTGCTC-1,keep
AGGAAATTCACGTCCT-1,keep
AGGAAATTCCAGTACA-1,keep
AGGAATAGTCCACGCA-1,keep
AGGAATAGTGTTTACG-1,keep
AGGAATATCTGGGCAC-1,keep
AGGACGAAGACCATAA-1,keep
AGGACGAAGGATGAGA-1,keep
AGGACGAAGTTCCATG-1,keep
AGGACGACAAGTATAG-1,keep
AGGACGACAGGACGAT-1,keep
AGGACGACAGTGGGTA-1,keep
AGGACGACATGAGGGT-1,keep
AGGACGAGTCAGACTT-1,keep
AGGACGAGTCGCTGCA-1,keep
AGGACGATCGAGCCTG-1,keep
AGGACGATCTATCACT-1,keep
AGGACTTAGGCTTTCA-1,keep
AGGACTTAGTTGCTGT-1,keep
AGGACTTCAAATAGCA-1,keep
AGGACTTTCACCGGTG-1,keep
AGGACTTTCTATGTGG-1,keep
AGGAGGTCAACCACAT-1,keep
AGGAGGTGTCGTATTG-1,keep
AGGAGGTGTTGCCAAT-1,keep
AGGAGGTTCCAAGCCG-1,keep
AGGAGGTTCCATCAGA-1,keep
AGGATAACATGACTTG-1,keep
AGGATAACATGGAATA-1,keep
AGGATAATCCAAGCCG-1,keep
AGGATAATCTAAGAAG-1,keep
AGGATCTAGATGCGAC-1,keep
AGGATCTAGGGCATGT-1,keep
AGGATCTCATTCGGGC-1,keep
AGGATCTGTACAACGG-1,keep
AGGCATTGTACACGTT-1,keep
AGGCATTTCCGATGCG-1,keep
AGGCCACAGATGGGCT-1,keep
AGGCCACAGATTCGCT-1,keep
AGGCCACCACCAGGTC-1,keep
AGGCCACCAGAGGAAA-1,keep
AGGCCACGTAGCGAGT-1,keep
AGGCCACGTTGTAAAG-1,keep
AGGCCACTCGTGTCAA-1,keep
AGGCTGCAGACTTCGT-1,keep
AGGCTGCCAGGTCAGA-1,keep
AGGCTGCGTATTTCCT-1,keep
AGGCTGCTCAAGAAAC-1,keep
AGGCTGCTCCTTGAAG-1,keep
AGGGAGTAGAGGGCGA-1,keep
AGGGAGTAGATGATTG-1,keep
AGGGAGTAGATGTTAG-1,keep
AGGGAGTCAACCGTGC-1,keep
AGGGAGTCACCTATCC-1,keep
AGGGAGTTCAGATGCT-1,keep
AGGGAGTTCTGTGTGA-1,keep
AGGGCCTAGAGTGTGC-1,keep
AGGGCCTAGGCCTAAG-1,keep
AGGGCCTCAAGCACAG-1,keep
AGGGCCTGTAAGATTG-1,keep
AGGGCCTTCCATAGAC-1,keep
AGGGCTCAGAAGGTAG-1,keep
AGGGCTCAGGAGTACC-1,keep
AGGGCTCAGGTTACCT-1,keep
AGGGCTCCAACTTCTT-1,keep
AGGGCTCTCCGGGACT-1,keep
AGGGTCCAGACATCCT-1,keep
AGGGTCCAGCATATGA-1,keep
AGGGTCCCAACAGTGG-1,keep
AGGGTCCCAATCCTAG-1,keep
AGGGTCCCACCGTACG-1,keep
AGGGTGACAACTTGCA-1,keep
AGGGTGACAATAACCC-1,keep
AGGGTGACATGACAAA-1,keep
AGGGTGAGTTGGTAGG-1,keep
AGGGTGATCTATCCAT-1,keep
AGGGTTTAGCGAAACC-1,keep
AGGGTTTAGGCCCACT-1,keep
AGGGTTTCATCCGGTG-1,keep
AGGGTTTGTAGCCCTG-1,keep
AGGGTTTGTCCCTGTT-1,keep
AGGGTTTGTGAATGTA-1,keep
AGGGTTTTCATCGACA-1,keep
AGGGTTTTCCAGGACC-1,keep
AGGTAGGAGCTGTCCG-1,keep
AGGTAGGAGCTTAGTC-1,keep
AGGTAGGAGGGCGAAG-1,keep
AGGTAGGCACCTGCGA-1,keep
AGGTAGGCACTTGGGC-1,keep
AGGTAGGGTTTCGTTT-1,keep
AGGTAGGTCTAGAGCT-1,keep
AGGTAGGTCTCCTGTG-1,keep
AGGTCATAGCACCAGA-1,keep
AGGTCATAGTCAGCCC-1,keep
AGGTCATCAACGCATT-1,keep
AGGTCATGTATCTCTT-1,keep
AGGTCATGTCTACGAT-1,keep
AGGTCATGTGACACAG-1,keep
AGGTCATTCCGATAAC-1,keep
AGGTCTACACGGCTAC-1,keep
AGGTCTACATGACAGG-1,keep
AGGTCTATCCGTTTCG-1,keep
AGGTGTTAGAGAACCC-1,keep
AGGTGTTCACCCAACG-1,keep
AGGTGTTGTTGCTAGT-1,keep
AGGTGTTTCCAAGAGG-1,keep
AGGTTACAGAATCGAT-1,keep
AGGTTACAGCTTGTTG-1,keep
AGGTTACTCTCGTGGG-1,keep
AGGTTACTCTTGGGCG-1,keep
AGGTTGTAGCAATTAG-1,keep
AGGTTGTCAGAGGGTT-1,keep
AGGTTGTCATTGGGAG-1,keep
AGGTTGTGTTCTAAGC-1,keep
AGGTTGTTCATCGTAG-1,keep
AGGTTGTTCGCTGTCT-1,keep
AGTAACCAGACGGATC-1,keep
AGTAACCCACCTTCCA-1,keep
AGTAACCCAGCACCCA-1,keep
AGTAACCTCAAACCTG-1,keep
AGTACCAAGGGCAGGA-1,keep
AGTACCACAATCGAAA-1,keep
AGTACCACATTCACCC-1,keep
AGTACCAGTCAGTCTA-1,keep
AGTACCATCTATTGTC-1,keep
AGTACTGAGAAGCGAA-1,keep
AGTACTGAGGACAAGA-1,keep
AGTACTGCAAATGAGT-1,keep
AGTACTGGTAGGGAGG-1,keep
AGTACTGTCGACATTG-1,keep
AGTAGCTTCACCTACC-1,keep
AGTAGTCAGATAGGGA-1,keep
AGTAGTCGTACAAGCG-1,keep
AGTAGTCGTAGCGATG-1,keep
AGTAGTCTCGCGTGAC-1,keep
AGTCAACGTATGAGGC-1,keep
AGTCAACTCTGACCCT-1,keep
AGTCACATCTTCTAAC-1,keep
AGTCATGCAACCGGAA-1,keep
AGTCATGGTCGTCAGC-1,keep
AGTCATGGTTACCCTC-1,keep
AGTCATGTCAACACCA-1,keep
AGTCATGTCTGTCCCA-1,keep
AGTCTCCGTACGTAGG-1,keep
AGTCTCCGTCCAAGAG-1,keep
AGTCTCCGTGGCGCTT-1,keep
AGTGACTAGATGCGAC-1,keep
AGTGACTGTCCACGCA-1,keep
AGTGACTGTTTGGAGG-1,keep
AGTGACTTCGACGTCG-1,keep
AGTGACTTCTTGGCTC-1,keep
AGTGATCGTCGAATTC-1,keep
AGTGATCTCAACTCTT-1,keep
AGTGCCGAGATGCTTC-1,keep
AGTGCCGAGCTCTTCC-1,keep
AGTGCCGCACCCAATA-1,keep
AGTGCCGCATGGTACT-1,keep
AGTGCCGGTAGTACGG-1,keep
AGTGCCGTCCTCGATC-1,keep
AGTGTTGAGAGTGTTA-1,keep
AGTGTTGAGCACTAAA-1,keep
AGTGTTGCAAGTACCT-1,keep
AGTGTTGCATATGCGT-1,keep
AGTGTTGGTGCAAGAC-1,keep
AGTGTTGGTTCCTAGA-1,keep
AGTTAGCCAAGAGTAT-1,keep
AGTTAGCGTCGTTATG-1,keep
AGTTAGCTCTTGGATG-1,keep
AGTTCCCCAATCGTCA-1,keep
AGTTCCCCATTGTGCA-1,keep
AGTTCCCTCAGCTGAT-1,keep
AGTTCCCTCCGAGGCT-1,keep
AGTTCCCTCTTCCACG-1,keep
AGTTCGAAGCTTGTGT-1,keep
AGTTCGAGTTTAGACC-1,keep
AGTTCGATCCCAATAG-1,keep
AGTTCGATCGATAACC-1,keep
AGTTCGATCTCCCATG-1,keep
ATACCGAAGCAGCGAT-1,keep
ATACCGAAGTATAGGT-1,keep
ATACCTTAGTCCCTAA-1,keep
ATACCTTGTCAACACT-1,keep
ATACCTTGTGTTCCAA-1,keep
ATACCTTGTTCTCACC-1,keep
ATACCTTGTTTAGAGA-1,keep
ATACCTTTCGCCTAGG-1,keep
ATACCTTTCTCCGCAT-1,keep
ATACTTCAGAAGTCAT-1,keep
ATACTTCAGCACCGAA-1,keep
ATACTTCTCAACTTTC-1,keep
ATAGACCAGTATTAGG-1,keep
ATAGACCAGTCATGGG-1,keep
ATAGACCCAGAGGCAT-1,keep
ATAGACCCATCCTTCG-1,keep
ATAGAGAAGTAGACAT-1,keep
ATAGAGAGTCTGATAC-1,keep
ATAGAGAGTTCAACGT-1,keep
ATAGAGAGTTCAGTAC-1,keep
ATAGAGATCATAGCAC-1,keep
ATAGGCTAGAGGCGGA-1,keep
ATAGGCTAGTCTGTAC-1,keep
ATAGGCTCAGTTGTTG-1,keep
ATAGGCTGTAGAGGAA-1,keep
ATAGGCTGTCAGTTTG-1,keep
ATATCCTCACATTACG-1,keep
ATATCCTCAGGGAGAG-1,keep
ATATCCTGTGCTTATG-1,keep
ATATCCTTCTATCGGA-1,keep
ATATCCTTCTGGGCCA-1,keep
ATCACAGAGATGGTAT-1,keep
ATCACAGAGTCGAAGC-1,keep
ATCACAGCAACGACTT-1,keep
ATCACAGCAGGTCTCG-1,keep
ATCACAGGTCAGGAGT-1,keep
ATCACAGGTGGAAGTC-1,keep
ATCACAGGTTGCGGAA-1,keep
ATCACAGTCTGCGGGT-1,keep
ATCACGAGTCTAGGCC-1,keep
ATCACTTAGAAGTCCG-1,keep
ATCACTTAGCGCATCC-1,keep
ATCACTTAGTTCGCAT-1,keep
ATCACTTCAACTCCAA-1,keep
ATCACTTCACACCGCA-1,keep
ATCACTTCAGTTTCAG-1,keep
ATCACTTGTCCCGGTA-1,keep
ATCACTTTCCGTAATG-1,keep
ATCAGGTAGATGCCGA-1,keep
ATCAGGTCAGAGTTCT-1,keep
ATCATTCAGTGCAGGT-1,keep
ATCATTCAGTTGGAAT-1,keep
ATCATTCCACTTGAGT-1,keep
ATCATTCCAGCGATTT-1,keep
ATCATTCCAGGCATTT-1,keep
ATCATTCGTAGTAAGT-1,keep
ATCATTCTCCCGAACG-1,keep
ATCCACCAGCGCTGAA-1,keep
ATCCACCCAAGGTTGG-1,keep
ATCCACCGTTGCACGC-1,keep
ATCCATTCACGACGAA-1,keep
ATCCATTGTAGCTGTT-1,keep
ATCCATTGTGTTGCCG-1,keep
ATCCATTTCCGCGGAT-1,keep
ATCCATTTCGTGTTCC-1,keep
ATCCCTGCACTACCCT-1,keep
ATCCCTGGTCATACCA-1,keep
ATCCCTGGTGCAATGG-1,keep
ATCCCTGGTGGCGTAA-1,keep
ATCCCTGGTGTATACC-1,keep
ATCCCTGTCACTCGAA-1,keep
ATCCCTGTCCCATGGG-1,keep
ATCCCTGTCCCGAGGT-1,keep
ATCCCTGTCTCTCTAA-1,keep
ATCCGTCCACAAGGTG-1,keep
ATCCGTCCATCTTTCA-1,keep
ATCCGTCCATGTTACG-1,keep
ATCCGTCGTAACATAG-1,keep
ATCCTATAGATAACAC-1,keep
ATCCTATGTATGGAAT-1,keep
ATCCTATTCCTGTTAT-1,keep
ATCGATGAGATTAGAC-1,keep
ATCGATGAGCGATTCT-1,keep
ATCGATGGTGATACTC-1,keep
ATCGATGTCTTACTGT-1,keep
ATCGCCTAGAAGGCTC-1,keep
ATCGCCTAGACGAAGA-1,keep
ATCGCCTAGGCCACCT-1,keep
ATCGCCTCAGTAGAAT-1,keep
ATCGCCTGTAGTCGGA-1,keep
ATCGCCTGTCCAAGAG-1,keep
ATCGCCTGTGCGACAA-1,keep
ATCGCCTGTTGACTGT-1,keep
ATCGCCTTCGACGACC-1,keep
ATCGCCTTCGTCCTTG-1,keep
ATCGGATAGGTTGCCC-1,keep
ATCGGATGTCAGACGA-1,keep
ATCGGATTCGAGTCCG-1,keep
ATCGGCGAGTGTTCAC-1,keep
ATCGGCGCAGGCTCTG-1,keep
ATCGGCGTCGCCAGTG-1,keep
ATCGTAGAGATACATG-1,keep
ATCGTAGAGCAGTAAT-1,keep
ATCGTAGCAGCGCTTG-1,keep
ATCGTAGCAGTGGGTA-1,keep
ATCGTAGGTCTATGAC-1,keep
ATCGTCCAGGACATCG-1,keep
ATCGTCCGTGCGGATA-1,keep
ATCGTCCGTGCTGATT-1,keep
ATCGTCCTCAAGTAAG-1,keep
ATCGTGAAGTCACTAC-1,keep
ATCGTGACAAAGGCTG-1,keep
ATCGTGACACCTATCC-1,keep
ATCGTGACACTGGACC-1,keep
ATCGTGACATCTTTCA-1,keep
ATCGTGAGTGGCAGAT-1,keep
ATCGTGATCGGCCCAA-1,keep
ATCGTGATCTGCTTTA-1,keep
ATCTCTAAGGACCCAA-1,keep
ATCTCTAAGGATATGT-1,keep
ATCTCTAGTGCTCTCT-1,keep
ATCTTCAAGGGAGATA-1,keep
ATCTTCACACGACGCT-1,keep
ATCTTCAGTGTTGCCG-1,keep
ATCTTCAGTTGTATGC-1,keep
ATCTTCATCCTATGGA-1,keep
ATCTTCATCTACTGCC-1,keep
ATGAAAGCAGGTAGTG-1,keep
ATGAAAGGTATATGGA-1,keep
ATGAAAGGTCGAGATG-1,keep
ATGAAAGGTTCTTAGG-1,keep
ATGAAAGTCCTACTGC-1,keep
ATGAAAGTCGGCTATA-1,keep
ATGAAAGTCTCTTGCG-1,keep
ATGACCAAGCATTGTC-1,keep
ATGACCAAGGTCCTGC-1,keep
ATGACCACAGTCGGTC-1,keep
ATGACCATCACTGGGC-1,keep
ATGAGGGAGCATCAAA-1,keep
ATGAGGGGTAGTCGGA-1,keep
ATGAGTCAGTATGTAG-1,keep
ATGAGTCCAATAGGAT-1,keep
ATGAGTCGTACTAGCT-1,keep
ATGAGTCGTGACTCTA-1,keep
ATGAGTCGTGCCCTTT-1,keep
ATGAGTCTCCTCACTG-1,keep
ATGAGTCTCTGGCCAG-1,keep
ATGATCGAGAGAGCGG-1,keep
ATGATCGAGGAATGTT-1,keep
ATGATCGCAAGACCGA-1,keep
ATGATCGCAGCTTTCC-1,keep
ATGATCGCATCTGGGC-1,keep
ATGATCGTCAGATTGC-1,keep
ATGATCGTCGACGATT-1,keep
ATGATCGTCTTGAACG-1,keep
ATGCATGAGACGACTG-1,keep
ATGCATGAGCCGTTAT-1,keep
ATGCATGAGGTGGGTT-1,keep
ATGCATGAGTGAATAC-1,keep
ATGCATGAGTGACACG-1,keep
ATGCATGGTCAATCTG-1,keep
ATGCATGTCGCAGTGC-1,keep
ATGCCTCGTCTCTCTG-1,keep
ATGCCTCTCGGTTGTA-1,keep
ATGCGATAGCTTAGTC-1,keep
ATGCGATAGGATTTAG-1,keep
ATGCGATTCTTCGACC-1,keep
ATGGAGGAGATGTTCC-1,keep
ATGGAGGCACTCCCTA-1,keep
ATGGAGGCAGTCGCAC-1,keep
ATGGAGGGTCTAATCG-1,keep
ATGGAGGGTGGGAGAG-1,keep
ATGGAGGGTGTGACCC-1,keep
ATGGAGGGTTGGCCTG-1,keep
ATGGAGGTCACTCTTA-1,keep
ATGGAGGTCCTACCAC-1,keep
ATGGAGGTCGCCAGTG-1,keep
ATGGATCAGAAATTGC-1,keep
ATGGATCAGTGCTCGC-1,keep
ATGGGAGAGCGGACAT-1,keep
ATGGGAGCACGTTGGC-1,keep
ATGGGAGCACTGAGTT-1,keep
ATGGGAGCACTTCTCG-1,keep
ATGGGAGTCTGCTAGA-1,keep
ATGGGTTAGTTGCTCA-1,keep
ATGGGTTGTACGACTT-1,keep
ATGGGTTGTCACAGAG-1,keep
ATGGGTTTCAACACCA-1,keep
ATGGGTTTCATTACTC-1,keep
ATGGGTTTCCCGTAAA-1,keep
ATGGGTTTCGCCTAGG-1,keep
ATGGGTTTCTTAATCC-1,keep
ATGGTTGAGCGATGGT-1,keep
ATGGTTGCACTGCGAC-1,keep
ATGGTTGCACTTGTGA-1,keep
ATGGTTGCATACAGAA-1,keep
ATGGTTGGTGTCCATA-1,keep
ATGGTTGGTTTCACTT-1,keep
ATGGTTGTCACTGAAC-1,keep
ATGTCCCAGCGTTGTT-1,keep
ATGTCCCGTCAAGTTC-1,keep
ATGTCCCTCACCATAG-1,keep
ATGTCCCTCGACGCTG-1,keep
ATGTCCCTCTTCGCTG-1,keep
ATGTCCCTCTTCTGGC-1,keep
ATGTCTTAGAGCTTTC-1,keep
ATGTCTTAGTACTGTC-1,keep
ATGTCTTAGTTGCATC-1,keep
ATGTCTTCAACGGTAG-1,keep
ATGTCTTGTACTAACC-1,keep
ATGTCTTTCAATCCAG-1,keep
ATGTCTTTCTCCGAGG-1,keep
ATTACCTAGAGAGCAA-1,keep
ATTACCTGTCCGCAGT-1,keep
ATTACTCAGTAGTGCG-1,keep
ATTACTCAGTATTAGG-1,keep
ATTACTCAGTGGAAAG-1,keep
ATTATCCCAAGTGCTT-1,keep
ATTATCCCATACAGCT-1,keep
ATTATCCGTACCCACG-1,keep
ATTATCCGTACCGTGC-1,keep
ATTATCCGTGTAACGG-1,keep
ATTATCCTCAACCTTT-1,keep
ATTATCCTCGACCTAA-1,keep
ATTCACTAGAAGGCTC-1,keep
ATTCACTCAAGCCCAC-1,keep
ATTCACTCACGCGCAT-1,keep
ATTCACTGTAGCGTAG-1,keep
ATTCACTTCCACTGGG-1,keep
ATTCAGGAGAAGAGCA-1,keep
ATTCAGGAGCACTAGG-1,keep
ATTCAGGAGGAACTAT-1,keep
ATTCAGGAGGGCAGGA-1,keep
ATTCAGGCAAGTACCT-1,keep
ATTCAGGCAGGACTTT-1,keep
ATTCAGGGTCATCCCT-1,keep
ATTCAGGGTCGCAGTC-1,keep
ATTCAGGTCATACAGC-1,keep
ATTCAGGTCCTACACC-1,keep
ATTCATCAGTGATGGC-1,keep
ATTCATCCACCGTCGA-1,keep
ATTCATCCACTATCGA-1,keep
ATTCATCCAGTTGCGC-1,keep
ATTCATCCATTCTCCG-1,keep
ATTCCATCACGTTCGG-1,keep
ATTCCATCATGTTACG-1,keep
ATTCCATGTGTATCCA-1,keep
ATTCCATTCCCATGGG-1,keep
ATTCCATTCCTCTGCA-1,keep
ATTCCATTCTGGACCG-1,keep
ATTCCCGAGGATCACG-1,keep
ATTCCCGCACACGTGC-1,keep
ATTCCCGCACCGTCGA-1,keep
ATTCCCGGTCGGTGTC-1,keep
ATTCCCGGTGTCCATA-1,keep
ATTCCTAAGAGGGCGA-1,keep
ATTCCTAAGCCTTGAT-1,keep
ATTCCTAAGCTAAACA-1,keep
ATTCCTAGTGATTAGA-1,keep
ATTCCTAGTTAAGGAT-1,keep
ATTCCTAGTTCTAACG-1,keep
ATTCCTATCACCGGGT-1,keep
ATTCCTATCTCTGCCA-1,keep
ATTCGTTAGCTCGGCT-1,keep
ATTCGTTAGCTGGCTC-1,keep
ATTCGTTCAATGTTGC-1,keep
ATTCGTTCATGTTTGG-1,keep
ATTCGTTGTGAACCGA-1,keep
ATTCGTTGTGACGTCC-1,keep
ATTCGTTGTTGGCCGT-1,keep
ATTCGTTTCAAGAGTA-1,keep
ATTCTACAGGGTACGT-1,keep
ATTCTACCACCATTCC-1,keep
ATTCTACCACCGGTCA-1,keep
ATTCTACCAGCTTCGG-1,keep
ATTCTTGAGAAGGATG-1,keep
ATTCTTGAGATTACCC-1,keep
ATTCTTGAGTCTAGAA-1,keep
ATTCTTGCAGAAACCG-1,keep
ATTCTTGGTCATACCA-1,keep
ATTCTTGGTTGTGCCG-1,keep
ATTCTTGTCAGACTGT-1,keep
ATTCTTGTCTCGAACA-1,keep
ATTGGGTAGCTGTTAC-1,keep
ATTGGGTGTACCACGC-1,keep
ATTGGGTTCCATGATG-1,keep
ATTGTTCAGGACGCAT-1,keep
ATTGTTCCACGACAAG-1,keep
ATTGTTCCATGATCTG-1,keep
ATTGTTCCATTGCCTC-1,keep
ATTGTTCGTACACTCA-1,keep
ATTGTTCGTGCCCACA-1,keep
ATTGTTCTCAGAGTTC-1,keep
ATTGTTCTCTGCCCTA-1,keep
ATTTACCAGAATCGTA-1,keep
ATTTACCAGGGAGTTC-1,keep
ATTTACCCACCGAATT-1,keep
ATTTACCCAGCTGTGC-1,keep
ATTTACCGTGTTTACG-1,keep
ATTTACCTCATTATCC-1,keep
ATTTACCTCGGTCATA-1,keep
ATTTACCTCGTCCTTG-1,keep
ATTTACCTCTAACACG-1,keep
ATTTCACGTCTGTGCG-1,keep
ATTTCACGTCTTGCGG-1,keep
ATTTCACTCTTGTGCC-1,keep
ATTTCTGAGCCGGATA-1,keep
ATTTCTGAGGTCTACT-1,keep
ATTTCTGCAAGAGTGC-1,keep
ATTTCTGGTTCAACGT-1,keep
ATTTCTGTCTTGGAAC-1,keep
CAAAGAAAGCGCTGAA-1,keep
CAAAGAAAGTGCAACG-1,keep
CAAAGAACAGAAACCG-1,keep
CAAAGAACATGAATAG-1,keep
CAAAGAAGTCAGTCCG-1,keep
CAAAGAATCACTACTT-1,keep
CAACAACAGAGCCATG-1,keep
CAACAACCAACGTAAA-1,keep
CAACAACCAAGTAGTA-1,keep
CAACAACCACAGCATT-1,keep
CAACAACGTCGCATCG-1,keep
CAACAACGTCGGAACA-1,keep
CAACAACGTGGCTGAA-1,keep
CAACAACGTTGTAAAG-1,keep
CAACAACTCATACGGT-1,keep
CAACAACTCGTCAGAT-1,keep
CAACAGTAGCATCAGG-1,keep
CAACAGTGTAGCGAGT-1,keep
CAACAGTGTCCTCCAT-1,keep
CAACAGTGTCTCGCGA-1,keep
CAACCAAAGAGGACTC-1,keep
CAACCAACAACATCGT-1,keep
CAACCAACAAGAGAGA-1,keep
CAACCAACATCTATCT-1,keep
CAACCAACATGTTCAG-1,keep
CAACCAATCGGTAGGA-1,keep
CAACCTCAGTAAACTG-1,keep
CAACCTCCATCCAACA-1,keep
CAACCTCGTCGGTACC-1,keep
CAACCTCTCTCGGCTT-1,keep
CAACGATCACCTTCGT-1,keep
CAACGATCACGACCTG-1,keep
CAACGATTCAAACCTG-1,keep
CAACGATTCGTGCTCT-1,keep
CAACGGCAGACGGTTG-1,keep
CAACGGCGTAGAGGAA-1,keep
CAACGGCGTCGTATGT-1,keep
CAACGGCGTTATCTGG-1,keep
CAACGGCTCGTGCAGC-1,keep
CAACGGCTCTTCGATT-1,keep
CAAGACTCAAGGTCGA-1,keep
CAAGACTCACAAAGTA-1,keep
CAAGACTCACATTCTT-1,keep
CAAGACTCAGAAGCGT-1,keep
CAAGACTCATTGGCAT-1,keep
CAAGACTGTCTGCCTT-1,keep
CAAGACTGTGTCCGGT-1,keep
CAAGACTTCGACGCTG-1,keep
CAAGACTTCTCAATCT-1,keep
CAAGAGGGTGAATTAG-1,keep
CAAGAGGGTGAGCCAA-1,keep
CAAGAGGTCACCATCC-1,keep
CAAGCTAAGAGGGTCT-1,keep
CAAGCTACACGCCACA-1,keep
CAAGCTACACTGCTTC-1,keep
CAAGCTACAGCGTGAA-1,keep
CAAGCTAGTGCCTACG-1,keep
CAAGCTAGTTAAGGAT-1,keep
CAAGCTAGTTCATCGA-1,keep
CAAGCTATCATCGCTC-1,keep
CAAGCTATCCGAGGCT-1,keep
CAAGGGAAGATTGGGC-1,keep
CAAGGGAAGTATGGAT-1,keep
CAAGGGAAGTCATGGG-1,keep
CAAGGGACAATGTGGG-1,keep
CAAGGGACAGGCACAA-1,keep
CAATACGGTCGCTCGA-1,keep
CAATACGTCATAGACC-1,keep
CAATACGTCTAGTCAG-1,keep
CAATACGTCTCGACGG-1,keep
CAATCGACAGACCTGC-1,keep
CAATCGAGTCTCCTGT-1,keep
CAATCGATCACATACG-1,keep
CAATCGATCAGTGATC-1,keep
CAATCGATCTTCCCAG-1,keep
CAATGACCACCTAAAC-1,keep
CAATGACGTGAGATAT-1,keep
CAATGACTCGAAGAAT-1,keep
CAATTTCCAACATCGT-1,keep
CAATTTCCAATCGCGC-1,keep
CAATTTCTCAAATGCC-1,keep
CACAACAAGACCCTTA-1,keep
CACAACAAGTACTCGT-1,keep
CACAACACAGGTTCGC-1,keep
CACAACACATATGGCT-1,keep
CACAACAGTGGAGAAA-1,keep
CACAACATCCTTGAAG-1,keep
CACACAAAGTTAACAG-1,keep
CACACAACAAAGGCTG-1,keep
CACACAACAGCTATTG-1,keep
CACACAATCGCACTCT-1,keep
CACACAATCGTGGTAT-1,keep
CACAGATAGACCTGGA-1,keep
CACAGATAGGTTCCGC-1,keep
CACAGATCAAAGGAGA-1,keep
CACAGATGTGGGATTG-1,keep
CACAGATTCGCCTCTA-1,keep
CACAGATTCTGGGAGA-1,keep
CACAGGCAGCTTCATG-1,keep
CACAGGCCACTGTGTA-1,keep
CACAGGCGTGTGAATA-1,keep
CACAGGCGTTTAGACC-1,keep
CACATGAAGAGATGCC-1,keep
CACATGACAAGGCCTC-1,keep
CACATGACACACACGC-1,keep
CACATGAGTCAGGTAG-1,keep
CACATGATCCTCTAAT-1,keep
CACCAAAAGAGGATCC-1,keep
CACCAAAAGTCATCCA-1,keep
CACCGTTAGATAGCAT-1,keep
CACCGTTGTACCTTCC-1,keep
CACCGTTGTCTTGGTA-1,keep
CACGAATAGAGCCCAA-1,keep
CACGAATCAACTGTGT-1,keep
CACGAATCACAGAGCA-1,keep
CACGAATCAGGGACTA-1,keep
CACGAATGTCAGACGA-1,keep
CACGAATGTTACAGCT-1,keep
CACGAATGTTGTCCCT-1,keep
CACGAATTCCTTATCA-1,keep
CACGAATTCGGTAACT-1,keep
CACGGGTAGTGAGTGC-1,keep
CACGGGTCAAATCCCA-1,keep
CACGGGTCAACGGCTC-1,keep
CACGGGTCAACTCATG-1,keep
CACGGGTGTGGATCGA-1,keep
CACGGGTGTGTAGCAG-1,keep
CACGGGTGTTGACTAC-1,keep
CACGGGTTCACTTCTA-1,keep
CACGGGTTCGCCGAAC-1,keep
CACGTGGAGGTAAGTT-1,keep
CACGTTCAGTCCCAGC-1,keep
CACGTTCAGTTGCTGT-1,keep
CACGTTCCAATCGCCG-1,keep
CACGTTCCACGGCGTT-1,keep
CACGTTCCAGCTGAGA-1,keep
CACGTTCGTAAGGCCA-1,keep
CACGTTCGTTGCCGCA-1,keep
CACGTTCTCTTACTGT-1,keep
CACTAAGAGAGGTGCT-1,keep
CACTAAGAGTCGGGAT-1,keep
CACTAAGCAAGTTGGG-1,keep
CACTAAGCAATTGCTG-1,keep
CACTAAGCACACCTTC-1,keep
CACTAAGGTCACTAGT-1,keep
CACTAAGGTCTGCAAT-1,keep
CACTAAGTCCTAGCTC-1,keep
CACTGAAAGGATACCG-1,keep
CACTGAACACAAATGA-1,keep
CACTGGGAGGGCGAGA-1,keep
CACTGGGGTGCTCTTC-1,keep
CACTGGGTCGCCTTTG-1,keep
CACTGGGTCTGGTCAA-1,keep
CACTGGGTCTTACCAT-1,keep
CACTGTCTCTATTGTC-1,keep
CACTTCGCAAGGTTGG-1,keep
CACTTCGCAGGTGTGA-1,keep
CACTTCGGTCGATTAC-1,keep
CACTTCGGTCGTCAGC-1,keep
CACTTCGGTCTACTGA-1,keep
CACTTCGGTTAAACCC-1,keep
CACTTCGTCAGCGTCG-1,keep
CACTTCGTCCCTCGAT-1,keep
CACTTCGTCCGTGGGT-1,keep
CACTTCGTCGTGAGAG-1,keep
CAGAGCCCACGCGCAT-1,keep
CAGAGCCTCGCTTTAT-1,keep
CAGAGCCTCGTCGGGT-1,keep
CAGATACAGCAAATCA-1,keep
CAGATACAGGGTATAT-1,keep
CAGATACCACAACGAG-1,keep
CAGATACGTACGTACT-1,keep
CAGATCAAGCTGGCTC-1,keep
CAGATCACAGTCAGCC-1,keep
CAGATCAGTAAGTTGA-1,keep
CAGATCAGTATTCCTT-1,keep
CAGATTGAGATGAATC-1,keep
CAGATTGTCTGCTTAT-1,keep
CAGATTGTCTTGCGCT-1,keep
CAGCAATAGGCATCAG-1,keep
CAGCAATAGGCTGTAG-1,keep
CAGCAATGTAGAGACC-1,keep
CAGCAATGTGCAACGA-1,keep
CAGCAATGTGTCCTAA-1,keep
CAGCAATGTTTGTTCT-1,keep
CAGCACGCAGACATCT-1,keep
CAGCACGCAGTATACC-1,keep
CAGCACGGTACTCCGG-1,keep
CAGCACGGTTCCGCTT-1,keep
CAGCACGTCATGCCGG-1,keep
CAGCACGTCCACAGCG-1,keep
CAGCACGTCTAGGAAA-1,keep
CAGCAGCAGCCTAGGA-1,keep
CAGCAGCCAGAAATCA-1,keep
CAGCAGCTCTGGTTGA-1,keep
CAGCCAGAGGAAGTCC-1,keep
CAGCCAGCACTCCCTA-1,keep
CAGCCAGCATACAGCT-1,keep
CAGCCAGTCTTCGGTC-1,keep
CAGCGTGAGGCAATGC-1,keep
CAGCGTGAGTCGGGAT-1,keep
CAGCGTGGTGGCTTGC-1,keep
CAGCGTGTCCGTAATG-1,keep
CAGCGTGTCGAACGCC-1,keep
CAGCGTGTCGCTACGG-1,keep
CAGGCCAAGTGCTACT-1,keep
CAGGCCACACGATAGG-1,keep
CAGGCCACAGCACGAA-1,keep
CAGGCCAGTCTTTCAT-1,keep
CAGGCCATCAAAGAAC-1,keep
CAGGCCATCGACCATA-1,keep
CAGGCCATCTCACCCA-1,keep
CAGGGCTAGGCATCAG-1,keep
CAGGGCTCATGAAAGT-1,keep
CAGGGCTGTAGCCAGA-1,keep
CAGGGCTTCGGAACTT-1,keep
CAGGTATCATAATCGC-1,keep
CAGGTATGTAGTCTGT-1,keep
CAGGTATTCACCTGTC-1,keep
CAGTGCGAGGTTCATC-1,keep
CAGTGCGCATCCGGTG-1,keep
CAGTTAGGTTAGTTCG-1,keep
CAGTTAGGTTGCCAAT-1,keep
CAGTTAGTCTCAGAAC-1,keep
CAGTTCCAGTTACGTC-1,keep
CAGTTCCCAGCCTTCT-1,keep
CAGTTCCTCGGTTCAA-1,keep
CATAAGCCAGACGATG-1,keep
CATAAGCCAGTCTGGC-1,keep
CATAAGCGTAGATGTA-1,keep
CATAAGCGTCAGCTTA-1,keep
CATAAGCGTGGACCTC-1,keep
CATAAGCTCCCATACC-1,keep
CATAAGCTCCCGAGGT-1,keep
CATACAGAGATCGACG-1,keep
CATACAGAGGGCAAGG-1,keep
CATACAGCAATAGGGC-1,keep
CATACAGTCAACACCA-1,keep
CATACAGTCCCGTTCA-1,keep
CATACCCCAAGCTGCC-1,keep
CATACCCGTAGCTTTG-1,keep
CATACCCTCTGCTTAT-1,keep
CATACCCTCTGTCCGT-1,keep
CATACTTAGAAGGTAG-1,keep
CATACTTAGAGTTCGG-1,keep
CATACTTAGCAGGTCA-1,keep
CATACTTCACGATAGG-1,keep
CATACTTCATCGTCCT-1,keep
CATACTTTCACTGTTT-1,keep
CATACTTTCAGGTGTT-1,keep
CATACTTTCTGGGCAC-1,keep
CATAGACCACGGCACT-1,keep
CATAGACCACTGCGTG-1,keep
CATAGACCAGGTGAGT-1,keep
CATAGACGTAGACAGC-1,keep
CATAGACGTCCCTGAG-1,keep
CATAGACTCCCGGTAG-1,keep
CATCAAGAGAAGCCTG-1,keep
CATCAAGCAACAAAGT-1,keep
CATCAAGCACATTCTT-1,keep
CATCAAGCAGTTCCAA-1,keep
CATCAAGCATGGAATA-1,keep
CATCAAGGTAAGATAC-1,keep
CATCAAGGTCGACGCT-1,keep
CATCAAGGTGCCTTCT-1,keep
CATCAAGTCCGAGGCT-1,keep
CATCCACAGGACAACC-1,keep
CATCCACGTCACCGAC-1,keep
CATCCCAAGTAGGATT-1,keep
CATCCCAAGTGCCCGT-1,keep
CATCCCACAGTTCACA-1,keep
CATCCCAGTACGACAG-1,keep
CATCCCAGTAGAATGT-1,keep
CATCCCATCACGTAGT-1,keep
CATCCCATCCTTCACG-1,keep
CATCCCATCTCTATAC-1,keep
CATCCCATCTCTCGAC-1,keep
CATCCGTAGGGATGTC-1,keep
CATCCGTCACGACGTC-1,keep
CATCCGTTCAGAGCGA-1,keep
CATCCGTTCGGACTTA-1,keep
CATCGCTAGAAATTCG-1,keep
CATCGCTAGAGGACTC-1,keep
CATCGCTAGCCGATAG-1,keep
CATCGCTAGCTAGATA-1,keep
CATCGCTAGGTAATCA-1,keep
CATCGCTAGTCGTCTA-1,keep
CATCGCTCAATAAGGT-1,keep
CATCGCTCAGCATCTA-1,keep
CATCGCTGTGGCTCTG-1,keep
CATCGCTTCCTTCTTC-1,keep
CATCGGGCAAGATGTA-1,keep
CATCGGGCAGCAGACA-1,keep
CATCGGGCAGCTCATA-1,keep
CATCGGGGTAGGCAGT-1,keep
CATCGGGGTCCATACA-1,keep
CATCGGGGTCGGCTAC-1,keep
CATCGGGGTTGCCGCA-1,keep
CATCGGGTCCTTATGT-1,keep
CATCGTCAGACCAGCA-1,keep
CATCGTCAGCACCAGA-1,keep
CATCGTCAGCACTAGG-1,keep
CATCGTCAGTGAGTTA-1,keep
CATCGTCCAAACAGGC-1,keep
CATCGTCGTATCGCGC-1,keep
CATCGTCGTGAGCGAT-1,keep
CATCGTCTCCATGATG-1,keep
CATCGTCTCGACGCTG-1,keep
CATGAGTAGTCTAACC-1,keep
CATGAGTAGTGGATAT-1,keep
CATGAGTCACTCAAGT-1,keep
CATGAGTCATTAAAGG-1,keep
CATGAGTTCTCCCAAC-1,keep
CATGCAAAGGTGGTTG-1,keep
CATGCAACAAAGACGC-1,keep
CATGCAAGTCATGACT-1,keep
CATGCCTAGGATGAGA-1,keep
CATGCCTGTCACGACC-1,keep
CATGCCTGTGCTCCGA-1,keep
CATGCCTGTGCTCGTG-1,keep
CATGCCTGTGCTCTCT-1,keep
CATGCCTGTTCGAGCC-1,keep
CATGCCTTCTTTACAC-1,keep
CATGCGGAGAAATTGC-1,keep
CATGCGGCACTACAGT-1,keep
CATGCGGCATTGGGAG-1,keep
CATGCGGGTCGGAAAC-1,keep
CATGCTCAGATCACCT-1,keep
CATGCTCAGCCAGTAG-1,keep
CATGCTCCAGCATCTA-1,keep
CATGCTCTCAAGTGTC-1,keep
CATGCTCTCGCCGATG-1,keep
CATGGATCAGCCGTCA-1,keep
CATGGTACAGGTCCGT-1,keep
CATGGTACATACAGAA-1,keep
CATGGTATCAAGCGTT-1,keep
CATGGTATCCGGGACT-1,keep
CATTCATAGGACAGCT-1,keep
CATTCATGTGCCTGAC-1,keep
CATTCATGTGTGTCCG-1,keep
CATTCATTCCAACCAA-1,keep
CATTCCGAGCTAGATA-1,keep
CATTCCGAGTCTTCGA-1,keep
CATTCCGCATCCGAGC-1,keep
CATTCCGTCGATACTG-1,keep
CATTCTAAGTCCCTAA-1,keep
CATTCTACAGGCATGA-1,keep
CATTCTAGTATTTCGG-1,keep
CATTCTAGTTGGACCC-1,keep
CATTCTAGTTTCGATG-1,keep
CATTCTATCTGGGTCG-1,keep
CATTGAGAGCCATCCG-1,keep
CATTGAGCAATTTCCT-1,keep
CATTGAGCATGTGACT-1,keep
CATTGAGTCCAGTGCG-1,keep
CATTGAGTCCCGAATA-1,keep
CATTGCCAGAAGTGTT-1,keep
CATTGCCAGACATACA-1,keep
CATTGCCAGAGGCCAT-1,keep
CATTGCCCAACAACAA-1,keep
CATTGCCCAATTTCGG-1,keep
CATTGCCCAGCTGTAT-1,keep
CATTGCCCAGTTGAAA-1,keep
CATTGCCGTTGCTCGG-1,keep
CATTGTTAGCACTCAT-1,keep
CATTGTTAGCATGCGA-1,keep
CATTGTTCAACGTAAA-1,keep
CATTGTTCATGGCCCA-1,keep
CATTTCAAGACCAAAT-1,keep
CATTTCAAGCTTGTTG-1,keep
CATTTCACAAGTATCC-1,keep
CATTTCATCACAGTGT-1,keep
CCAAGCGCACGGTGTC-1,keep
CCAAGCGGTACGACAG-1,keep
CCAAGCGTCGACGAGA-1,keep
CCAAGCGTCGCTGTCT-1,keep
CCAAGCGTCGTAACTG-1,keep
CCAATGACATATCGGT-1,keep
CCAATTTAGGCCTGAA-1,keep
CCAATTTCATAGGAGC-1,keep
CCAATTTGTCCAAGAG-1,keep
CCAATTTTCAAGAATG-1,keep
CCAATTTTCACTGCTC-1,keep
CCAATTTTCGCTATTT-1,keep
CCACACTAGAGTATAC-1,keep
CCACACTAGGAGCTGT-1,keep
CCACACTAGGCCTAAG-1,keep
CCACACTGTCGCCACA-1,keep
CCACACTGTGCGGATA-1,keep
CCACCATAGGGTTGCA-1,keep
CCACCATCACAAATAG-1,keep
CCACCATGTTGCTCCT-1,keep
CCACCATTCAACACGT-1,keep
CCACGAGGTTCGCGTG-1,keep
CCACGAGGTTGCATTG-1,keep
CCACGAGTCATCCTAT-1,keep
CCACGTTAGACTCTTG-1,keep
CCACGTTCACTCCACT-1,keep
CCACGTTGTGAGTAGC-1,keep
CCACTTGAGGTCATCT-1,keep
CCACTTGCATGCCATA-1,keep
CCACTTGGTGACCGTC-1,keep
CCACTTGGTTAGCGGA-1,keep
CCACTTGTCTCAAAGC-1,keep
CCATAAGAGTTGTAGA-1,keep
CCATAAGCAAAGCACG-1,keep
CCATAAGCACAACGCC-1,keep
CCATAAGCATCACGGC-1,keep
CCATAAGGTACCAGAG-1,keep
CCATCACAGAGGCGGA-1,keep
CCATCACCACACGGAA-1,keep
CCATCACCAGCCTTCT-1,keep
CCATCACCAGGGTTGA-1,keep
CCATCACGTGAGTAAT-1,keep
CCATCACTCGTTCAGA-1,keep
CCCAACTAGCACTAGG-1,keep
CCCAACTCACTCTGCT-1,keep
CCCAACTGTACCCGCA-1,keep
CCCATTGCAAATCGGG-1,keep
CCCATTGGTAGACACG-1,keep
CCCATTGGTGTTGCCG-1,keep
CCCATTGTCATTACGG-1,keep
CCCGAAGAGCGGCTCT-1,keep
CCCGAAGCACCGTGCA-1,keep
CCCGAAGCATTCTCCG-1,keep
CCCGGAAAGGTTACAA-1,keep
CCCGGAAAGTGTTGTC-1,keep
CCCGGAACAGGTATGG-1,keep
CCCGGAAGTGACTCTA-1,keep
CCCGGAAGTGTGAGCA-1,keep
CCCGGAATCGCTTGAA-1,keep
CCCGGAATCTCTCTTC-1,keep
CCCTAACAGCACAAAT-1,keep
CCCTAACGTATGAGGC-1,keep
CCCTAACTCCGAAGGA-1,keep
CCCTAACTCCGTGGTG-1,keep
CCCTAACTCGCTAATG-1,keep
CCCTCAAAGAATTTGG-1,keep
CCCTCAAAGCGAGAAA-1,keep
CCCTCAACACCGTACG-1,keep
CCCTCAAGTAGGCAAC-1,keep
CCCTCTCCAACTGCCG-1,keep
CCCTCTCGTACGTACT-1,keep
CCCTCTCTCCGAGGCT-1,keep
CCCTCTCTCGGCATCG-1,keep
CCCTCTCTCTGTCGTC-1,keep
CCCTGATAGGGAGGAC-1,keep
CCCTGATTCATGACAC-1,keep
CCCTGATTCGCACGGT-1,keep
CCCTGATTCTCGCTCA-1,keep
CCCTTAGAGAAGGTAG-1,keep
CCCTTAGAGCGCCATC-1,keep
CCCTTAGCACTTCCTG-1,keep
CCCTTAGTCATTGCGA-1,keep
CCCTTAGTCTTGGGCG-1,keep
CCGAACGAGAATCCCT-1,keep
CCGAACGAGGAGTCTG-1,keep
CCGAACGTCGAGAAAT-1,keep
CCGATCTAGAAGGTAG-1,keep
CCGATCTAGGTATCTC-1,keep
CCGATCTCAGCCATTA-1,keep
CCGATCTGTCATGCAT-1,keep
CCGATCTTCTCTAAGG-1,keep
CCGATGGCAAGTTCCA-1,keep
CCGATGGGTAGATTAG-1,keep
CCGATGGGTTAAAGTG-1,keep
CCGCAAGAGCATTGAA-1,keep
CCGCAAGGTCTAATCG-1,keep
CCGGACAAGCCACCGT-1,keep
CCGGACACACTGTGTA-1,keep
CCGGACACAGCTATTG-1,keep
CCGGACAGTATATGGA-1,keep
CCGGACAGTGCTCGTG-1,keep
CCGGACATCGGTCTAA-1,keep
CCGGGTACAACAGATA-1,keep
CCGGGTACACATGACT-1,keep
CCGGGTACATAATGAG-1,keep
CCGGGTACATCGGCCA-1,keep
CCGGGTAGTGCACATT-1,keep
CCGGTAGCATCGGATT-1,keep
CCGGTAGGTCCCAAAT-1,keep
CCGGTAGTCCGCACTT-1,keep
CCGGTAGTCTATCACT-1,keep
CCGGTGAAGCCTCAGC-1,keep
CCGGTGAAGCGGTATG-1,keep
CCGGTGAAGTGCCTCG-1,keep
CCGGTGACATTGGCAT-1,keep
CCGGTGAGTCCATAGT-1,keep
CCGGTGATCCCGTGTT-1,keep
CCGTAGGAGATACGAT-1,keep
CCGTAGGAGTTCTACG-1,keep
CCGTAGGCAATACGCT-1,keep
CCGTAGGGTCAGTTTG-1,keep
CCGTGAGAGGTAGACC-1,keep
CCGTGAGAGTCTGCGC-1,keep
CCGTGAGAGTGCAACG-1,keep
CCGTGAGGTTGTACGT-1,keep
CCGTTCAAGCCTCATA-1,keep
CCGTTCAGTCGAAGCA-1,keep
CCGTTCATCACGGGCT-1,keep
CCTAACCAGATGACAT-1,keep
CCTAACCAGATTGTGA-1,keep
CCTAACCAGGAGGTTC-1,keep
CCTAACCAGGATTACA-1,keep
CCTAACCGTGTTATCG-1,keep
CCTAACCGTTCCGCGA-1,keep
CCTAAGAAGGTTCACT-1,keep
CCTAAGATCTAACGCA-1,keep
CCTACGTAGCACCAGA-1,keep
CCTACGTCACTAGTAC-1,keep
CCTACGTCAGAGGCAT-1,keep
CCTACGTCAGAGTGAC-1,keep
CCTACGTGTACAGAGC-1,keep
CCTACGTTCGCGTGCA-1,keep
CCTATCGAGCAATAGT-1,keep
CCTATCGAGCATTTCG-1,keep
CCTATCGAGGTTGCCC-1,keep
CCTATCGCAACTGCCG-1,keep
CCTATCGCATCCGAGC-1,keep
CCTATCGGTTCGTGCG-1,keep
CCTATCGGTTGTGCAT-1,keep
CCTCAACAGGATACCG-1,keep
CCTCAACAGTCGGCAA-1,keep
CCTCAACCACCGTGAC-1,keep
CCTCAACGTAACAGGC-1,keep
CCTCAACGTTACCTGA-1,keep
CCTCAACTCATTTGTC-1,keep
CCTCACAAGAAATTCG-1,keep
CCTCACAAGATTACCC-1,keep
CCTCACAAGCCATCCG-1,keep
CCTCACACACAGCCAC-1,keep
CCTCACAGTCCGGACT-1,keep
CCTCACAGTGATGTAA-1,keep
CCTCACATCATTACGG-1,keep
CCTCACATCCACAAGT-1,keep
CCTCACATCCATCGTC-1,keep
CCTCACATCCGCACTT-1,keep
CCTCAGTAGAGTGAAG-1,keep
CCTCAGTAGGAGGCAG-1,keep
CCTCAGTGTTTGGAAA-1,keep
CCTCATGAGGACAGTC-1,keep
CCTCATGAGGGCAGAG-1,keep
CCTCATGAGGTAAGGA-1,keep
CCTCATGCAGGAGGAG-1,keep
CCTCATGTCCTCTAAT-1,keep
CCTCCAACATCCTTCG-1,keep
CCTCCAAGTCTGCGCA-1,keep
CCTCCAAGTTCTCACC-1,keep
CCTCCAATCGACCTAA-1,keep
CCTCCTCAGAGATTCA-1,keep
CCTCCTCAGGCACCAA-1,keep
CCTCCTCAGTGTTCCA-1,keep
CCTCCTCGTCCTCAGG-1,keep
CCTCCTCGTCGCAGTC-1,keep
CCTCTAGGTATCGTGT-1,keep
CCTCTAGGTCTACAGT-1,keep
CCTCTAGGTGACTCTA-1,keep
CCTCTAGGTTCCTAAG-1,keep
CCTCTAGTCCCATAAG-1,keep
CCTCTCCCATATCTCT-1,keep
CCTCTCCTCAGATGCT-1,keep
CCTCTCCTCGAAGGAC-1,keep
CCTGCATAGAAGGGAT-1,keep
CCTGCATAGAGTTGAT-1,keep
CCTGCATAGCGTGAAC-1,keep
CCTGCATGTATGCTAC-1,keep
CCTGCATGTCACGTGC-1,keep
CCTGCATTCACATTGG-1,keep
CCTGTTGGTTTCGCTC-1,keep
CCTGTTGTCAATCGGT-1,keep
CCTGTTGTCAGTGGGA-1,keep
CCTTCAGAGCACACAG-1,keep
CCTTCAGCAGGACAGT-1,keep
CCTTCAGCAGGAGGAG-1,keep
CCTTCAGGTCGATTTG-1,keep
CCTTGTGAGCGGCTCT-1,keep
CCTTGTGCAAACTCTG-1,keep
CCTTGTGCATAGTCAC-1,keep
CCTTGTGGTACGAGTG-1,keep
CCTTGTGGTCGCAGTC-1,keep
CCTTGTGTCGAGAAAT-1,keep
CCTTTGGAGGACTTCT-1,keep
CCTTTGGAGGGAGGTG-1,keep
CCTTTGGGTAAGTTGA-1,keep
CCTTTGGTCAACGCTA-1,keep
CCTTTGGTCAAGCCAT-1,keep
CGAAGGAAGATTGAGT-1,keep
CGAAGGAAGGAACGTC-1,keep
CGAAGGAAGGTTATAG-1,keep
CGAAGGACAGTTACCA-1,keep
CGAAGGAGTCGTGCCA-1,keep
CGAAGTTCAAGCTACT-1,keep
CGAAGTTCACTCGATA-1,keep
CGAAGTTCAGTAGATA-1,keep
CGAAGTTCATTCTCTA-1,keep
CGAAGTTGTTGGGAAC-1,keep
CGAAGTTTCTCCGAGG-1,keep
CGAATTGCAACGACAG-1,keep
CGAATTGCATGACCCG-1,keep
CGAATTGGTACTGGGA-1,keep
CGAATTGTCCAGCTCT-1,keep
CGAATTGTCCGACATA-1,keep
CGAATTGTCGATGCTA-1,keep
CGAATTGTCTCGCTCA-1,keep
CGACAGCAGCACCGTC-1,keep
CGACAGCAGGGATCTG-1,keep
CGACAGCGTAAGTTGA-1,keep
CGACAGCTCGCAACAT-1,keep
CGACAGCTCTGGGATT-1,keep
CGAGAAGAGACCAAGC-1,keep
CGAGAAGAGAGAGCGG-1,keep
CGAGAAGAGATGTTCC-1,keep
CGAGAAGAGGGCCAAT-1,keep
CGAGAAGGTACCGGCT-1,keep
CGAGAAGGTTTGGAGG-1,keep
CGAGAAGTCCTCTAAT-1,keep
CGAGGAAAGATAGCTA-1,keep
CGAGGAAAGCCATTTG-1,keep
CGAGGAAAGGTTACAA-1,keep
CGAGGAACAACTAGAA-1,keep
CGAGGAACAGCCGGTT-1,keep
CGAGGAACATGTGCCG-1,keep
CGAGGAATCAAACTGC-1,keep
CGAGGCTAGTCAGGGT-1,keep
CGAGGCTAGTCGGCAA-1,keep
CGAGGCTGTCAAGTTC-1,keep
CGAGGCTGTTATAGAG-1,keep
CGAGGCTTCGCGGACT-1,keep
CGAGGCTTCTACACAG-1,keep
CGAGTGCAGCTACAAA-1,keep
CGAGTGCAGGAACGCT-1,keep
CGAGTGCAGTGAGTTA-1,keep
CGAGTGCCATGAAAGT-1,keep
CGAGTGCGTCACATTG-1,keep
CGAGTGCTCACATTGG-1,keep
CGAGTTAAGGTAGCAC-1,keep
CGAGTTAAGTCCCGAC-1,keep
CGAGTTATCTCACCCA-1,keep
CGATCGGCATCCAATG-1,keep
CGATCGGGTAATGATG-1,keep
CGATCGGTCGACCACG-1,keep
CGATGCGAGTGTTGTC-1,keep
CGATGCGCAAGCCCAC-1,keep
CGATGCGCATCCGGTG-1,keep
CGATGCGTCGCTAAAC-1,keep
CGATGCGTCTTGGATG-1,keep
CGATGGCAGAGAGTGA-1,keep
CGATGGCTCACCGGTG-1,keep
CGATGGCTCGCCTATC-1,keep
CGATGGCTCGGACAAG-1,keep
CGCAGGTAGAGAGCCT-1,keep
CGCAGGTAGGTTCATC-1,keep
CGCAGGTAGTCGTCTA-1,keep
CGCAGGTGTATCTCGA-1,keep
CGCAGGTGTTGCGAAG-1,keep
CGCAGGTTCGGATAAA-1,keep
CGCAGGTTCGGATACT-1,keep
CGCAGGTTCTGTCTCG-1,keep
CGCATAAAGACATGCG-1,keep
CGCATAAAGGTATAGT-1,keep
CGCATAAAGTCAACAA-1,keep
CGCATGGAGAATAACC-1,keep
CGCATGGAGCCAACCC-1,keep
CGCATGGAGCGTCTCG-1,keep
CGCATGGAGTAATACG-1,keep
CGCATGGCACTTGTGA-1,keep
CGCATGGGTAACGCGA-1,keep
CGCATGGGTTAAACCC-1,keep
CGCATGGTCAAGCTTG-1,keep
CGCATGGTCGTTCTGC-1,keep
CGCCAGAAGAATACAC-1,keep
CGCCAGAAGAGGATGA-1,keep
CGCCAGAAGATGTTAG-1,keep
CGCCAGAAGGGTCACA-1,keep
CGCCAGAAGTACAGAT-1,keep
CGCCAGACAGCATCTA-1,keep
CGCCAGAGTAGATGTA-1,keep
CGCCAGAGTCAGACGA-1,keep
CGCCATTAGTCCCAGC-1,keep
CGCCATTGTACAGGTG-1,keep
CGCCATTGTCCAGAAG-1,keep
CGCGTGAAGGCTTAAA-1,keep
CGCGTGACAAGCTACT-1,keep
CGCGTGACAATATCCG-1,keep
CGCGTGACAGTTTCGA-1,keep
CGCGTGAGTCTTTCTA-1,keep
CGGAACCCAACGTTAC-1,keep
CGGAACCCACCTCTGT-1,keep
CGGAACCGTGATCATC-1,keep
CGGAACCTCCGAGGCT-1,keep
CGGAACCTCTGACGCG-1,keep
CGGAATTAGGACTATA-1,keep
CGGAATTGTTAAGGAT-1,keep
CGGAATTGTTGAGGAC-1,keep
CGGAATTTCCGCAGTG-1,keep
CGGAATTTCTATACGG-1,keep
CGGACACAGCTGCCAC-1,keep
CGGACACGTATCAGGG-1,keep
CGGACACGTCTCACAA-1,keep
CGGACACGTCTCGACG-1,keep
CGGACACGTGCTGCAC-1,keep
CGGACACGTTCGGTAT-1,keep
CGGACACTCAACTGGT-1,keep
CGGAGAAAGCTACAAA-1,keep
CGGAGAACAGCTCATA-1,keep
CGGAGAATCCTTGACC-1,keep
CGGGACTTCAAGCTGT-1,keep
CGGGACTTCTGTGTGA-1,keep
CGGGCATAGACGTCCC-1,keep
CGGGCATCAACCCGCA-1,keep
CGGGCATCAGGATTCT-1,keep
CGGGCATCATGACGAG-1,keep
CGGGCATTCGGAACTT-1,keep
CGGGCATTCGTACACA-1,keep
CGGGTCATCCGAGGCT-1,keep
CGGGTCATCGCTCTAC-1,keep
CGGGTGTCAGAACGCA-1,keep
CGGGTGTCAGTTTCGA-1,keep
CGGTCAGCAGTTACCA-1,keep
CGGTCAGTCCTCATAT-1,keep
CGGTCAGTCGATAACC-1,keep
CGGTCAGTCTTGATTC-1,keep
CGTAAGTAGCGACCCT-1,keep
CGTAAGTAGTCCGCGT-1,keep
CGTAAGTCAGTCTCTC-1,keep
CGTAAGTGTAGTTAGA-1,keep
CGTAAGTGTATCAAGA-1,keep
CGTAAGTTCTACGGGC-1,keep
CGTAATGAGCTGAAGC-1,keep
CGTAATGAGGATTTGA-1,keep
CGTAATGTCACGAACT-1,keep
CGTAATGTCCTACACC-1,keep
CGTAGTAAGAATTCAG-1,keep
CGTAGTAAGGAGTATT-1,keep
CGTAGTACAACACGTT-1,keep
CGTAGTACAGATACTC-1,keep
CGTAGTAGTGTCTCCT-1,keep
CGTAGTATCAGTGTGT-1,keep
CGTAGTATCCCAGCGA-1,keep
CGTAGTATCGACGATT-1,keep
CGTAGTATCTGGCCAG-1,keep
CGTCAAAAGATTAGCA-1,keep
CGTCAAAAGGACTTCT-1,keep
CGTCAAAAGTGGATTA-1,keep
CGTCAAAGTGATGAAT-1,keep
CGTCAAATCACTGGTA-1,keep
CGTCAAATCATGAGGG-1,keep
CGTCCATAGGTTCTTG-1,keep
CGTCCATCAACAGTGG-1,keep
CGTCCATCATAACGGG-1,keep
CGTCCATGTGGACCTC-1,keep
CGTCCATGTTTGGAAA-1,keep
CGTCCATTCATACGAC-1,keep
CGTGAATAGAAGTCAT-1,keep
CGTGAATAGGTATTGA-1,keep
CGTGAATCACAGCGCT-1,keep
CGTGAATCAGAGGGTT-1,keep
CGTGAATCATCGATGT-1,keep
CGTGAATCATGCCGAC-1,keep
CGTGAATGTAGGGTAC-1,keep
CGTGAATTCCTAAGTG-1,keep
CGTGAATTCGGTGTTA-1,keep
CGTGATAAGTGAGTTA-1,keep
CGTGATACATCTTCGC-1,keep
CGTGATACATTGTGCA-1,keep
CGTGATAGTCTCGCGA-1,keep
CGTGATATCAAGAATG-1,keep
CGTGCTTCAATATCCG-1,keep
CGTGCTTCATCAGCGC-1,keep
CGTGCTTTCAAAGGTA-1,keep
CGTGCTTTCGTAACTG-1,keep
CGTGCTTTCTTGCAGA-1,keep
CGTGTCTCAACATACC-1,keep
CGTGTCTGTACTTGTG-1,keep
CGTTAGAAGGGACTGT-1,keep
CGTTAGAAGGGTCTTT-1,keep
CGTTAGACAACTCCAA-1,keep
CGTTAGACACGCTGTG-1,keep
CGTTAGACAGCTATTG-1,keep
CGTTAGAGTATGCTAC-1,keep
CGTTAGATCGCAATGT-1,keep
CGTTCTGAGCGCCTTG-1,keep
CGTTCTGCAGAGCCCT-1,keep
CGTTCTGCATATGGCT-1,keep
CGTTCTGGTTCTTAGG-1,keep
CGTTCTGTCGTGGACC-1,keep
CGTTCTGTCTGGACTA-1,keep
CGTTGGGCAATAAGGT-1,keep
CGTTGGGGTCGAAACG-1,keep
CGTTGGGGTGTTAAAG-1,keep
CGTTGGGTCGCCAATA-1,keep
CTAACCCAGGCAGGGA-1,keep
CTAACCCTCCGAGGCT-1,keep
CTAACCCTCGTAGCCG-1,keep
CTAACTTAGACTTGTC-1,keep
CTAACTTCAGGAACCA-1,keep
CTAACTTGTAAGCGGT-1,keep
CTAACTTGTTCCTAGA-1,keep
CTAACTTTCGCTTAAG-1,keep
CTAAGTGAGAAACACT-1,keep
CTAAGTGAGAATAGTC-1,keep
CTAAGTGCACGATAGG-1,keep
CTAAGTGCAGGGATAC-1,keep
CTAAGTGTCAGTGTGT-1,keep
CTAAGTGTCCACAGGC-1,keep
CTAAGTGTCCATCTCG-1,keep
CTACAGACATTGAGCT-1,keep
CTACAGAGTCGCGTTG-1,keep
CTACAGAGTTAAAGTG-1,keep
CTACAGATCCCAAGTA-1,keep
CTACAGATCTCGAGTA-1,keep
CTACATTAGCCGATCC-1,keep
CTACATTAGGGCTGAT-1,keep
CTACATTCAGTATTCG-1,keep
CTACATTGTAATGTGA-1,keep
CTACATTGTATGTCAC-1,keep
CTACATTTCTCCATAT-1,keep
CTACCCACACCTGATA-1,keep
CTACCCAGTGTTGATC-1,keep
CTACCCATCCTGGCTT-1,keep
CTACCCATCGAATCCA-1,keep
CTACCTGCACTTCTCG-1,keep
CTACCTGGTCTAGGTT-1,keep
CTACCTGGTTGTGGAG-1,keep
CTACCTGTCCATGCAA-1,keep
CTACCTGTCTGGGTCG-1,keep
CTACGGGAGATTGAGT-1,keep
CTACGGGCACAGCCAC-1,keep
CTACGGGGTGGACCTC-1,keep
CTACGGGTCGTGGCGT-1,keep
CTACTATAGATTTGCC-1,keep
CTACTATAGTAAGCAT-1,keep
CTACTATGTATACCTG-1,keep
CTACTATTCATGTCTT-1,keep
CTACTATTCCTGATAG-1,keep
CTAGACAAGATTACCC-1,keep
CTAGACAAGGCTTAGG-1,keep
CTAGACAAGTCATGCT-1,keep
CTAGACACACCAGCCA-1,keep
CTAGACATCAGCGGAA-1,keep
CTAGACATCATCTATC-1,keep
CTAGGTAAGGTTACAA-1,keep
CTAGGTACAAATGAAC-1,keep
CTAGGTACAGAGTTGG-1,keep
CTAGGTAGTCATCTAG-1,keep
CTATAGGAGATGGCAC-1,keep
CTATAGGAGGAAACGA-1,keep
CTATAGGGTAGCTTGT-1,keep
CTATAGGGTTGCATAC-1,keep
CTATAGGTCAGGGATG-1,keep
CTATAGGTCCTACTGC-1,keep
CTATCCGAGACCATAA-1,keep
CTATCCGAGCTTCATG-1,keep
CTATCCGAGTATCTGC-1,keep
CTATCCGGTTGCTTGA-1,keep
CTATCTACACGATTCA-1,keep
CTATCTATCATTACGG-1,keep
CTATCTATCATTATCC-1,keep
CTCAACCAGGCTGGAT-1,keep
CTCAACCCACATCATG-1,keep
CTCAAGAAGACCAGCA-1,keep
CTCAAGAAGACCATGG-1,keep
CTCAAGAAGGCTAGCA-1,keep
CTCAAGAAGTGAGCCA-1,keep
CTCAAGACACTAACGT-1,keep
CTCAAGACAGAGCTAG-1,keep
CTCAAGAGTGAGATAT-1,keep
CTCAATTCAATCTCGA-1,keep
CTCAATTCATTGTAGC-1,keep
CTCAATTGTATAGGGC-1,keep
CTCACTGAGCGTGCTC-1,keep
CTCACTGCAGTCTCTC-1,keep
CTCACTGGTCTGTTAG-1,keep
CTCACTGTCCCTATTA-1,keep
CTCACTGTCGAGAACG-1,keep
CTCACTGTCGCCTCTA-1,keep
CTCACTGTCTCTGAGA-1,keep
CTCAGAACAGTTGTCA-1,keep
CTCAGAATCCTAGCTC-1,keep
CTCAGGGAGCGATGCA-1,keep
CTCAGTCAGTTCTACG-1,keep
CTCAGTCCAACGACAG-1,keep
CTCAGTCCATGTGGCC-1,keep
CTCAGTCTCTCCGAAA-1,keep
CTCATCGCAGGGATAC-1,keep
CTCATCGGTAGGGTAC-1,keep
CTCATCGTCGGCTTGG-1,keep
CTCATGCCACTTCCTG-1,keep
CTCATGCCAGTTTCGA-1,keep
CTCATGCGTCAGCGTC-1,keep
CTCATGCGTTGTGGCC-1,keep
CTCATTAAGAACGTGC-1,keep
CTCATTACAGCGTTTA-1,keep
CTCATTAGTACGATGG-1,keep
CTCCAACAGTACCCTA-1,keep
CTCCAACCATGGCCAC-1,keep
CTCCAACGTACAACGG-1,keep
CTCCAACGTGTTCCTC-1,keep
CTCCAACGTTAGGAGC-1,keep
CTCCAACGTTGTGTAC-1,keep
CTCCAACTCAAGTGGG-1,keep
CTCCAACTCGACCTAA-1,keep
CTCCAACTCTACTATC-1,keep
CTCCACAAGTCATAGA-1,keep
CTCCACACACCCTAAA-1,keep
CTCCACAGTGTCTTCC-1,keep
CTCCATGCACATACGT-1,keep
CTCCATGCATACTTTC-1,keep
CTCCATGTCGACGCTG-1,keep
CTCCATGTCTTCGATT-1,keep
CTCCCAAAGTGATAGT-1,keep
CTCCCAACACGTCTCT-1,keep
CTCCCAACACTGCTTC-1,keep
CTCCCAAGTTGACTGT-1,keep
CTCCCAAGTTGTATGC-1,keep
CTCCCAATCAACACGT-1,keep
CTCCCAATCACCTGGG-1,keep
CTCCCAATCGACGAGA-1,keep
CTCCCAATCTGCTGAA-1,keep
CTCCCTCAGCCATATC-1,keep
CTCCCTCAGTGATAAC-1,keep
CTCCCTCGTCGCCTAG-1,keep
CTCCCTCTCCTACAAG-1,keep
CTCCGATCACGTTCGG-1,keep
CTCCGATTCCACCTCA-1,keep
CTCCGATTCTCTCGCA-1,keep
CTCCGATTCTGATGGT-1,keep
CTCCTCCAGCGTGAAC-1,keep
CTCCTCCAGGCGATAC-1,keep
CTCCTCCCAAGCCATT-1,keep
CTCCTCCCAGCGTACC-1,keep
CTCCTCCTCGATGCAT-1,keep
CTCCTCCTCTAGCAAC-1,keep
CTCCTTTTCATCGCAA-1,keep
CTCCTTTTCGAGCCAC-1,keep
CTCCTTTTCGTAGGGA-1,keep
CTCCTTTTCTCAATCT-1,keep
CTCGAGGCAATAGTGA-1,keep
CTCGAGGCACCCTTAC-1,keep
CTCGAGGCATGATCTG-1,keep
CTCGAGGGTATCGCAT-1,keep
CTCGAGGTCAGAGCGA-1,keep
CTCGAGGTCGTCCATC-1,keep
CTCTCAGAGACGATAT-1,keep
CTCTCAGTCATAAGGA-1,keep
CTCTCAGTCTAAGAAG-1,keep
CTCTCGAGTTAAACCC-1,keep
CTCTGGTAGACTTCCA-1,keep
CTCTGGTGTAAGATCA-1,keep
CTCTGGTGTTCTCAGA-1,keep
CTCTGGTTCAGAACCT-1,keep
CTCTGGTTCCATGAGT-1,keep
CTGAATGAGCCACTCG-1,keep
CTGAATGAGCGAGGAG-1,keep
CTGAATGCAGTCAGCC-1,keep
CTGAATGGTCGGCACT-1,keep
CTGAATGTCATGGTAC-1,keep
CTGAGCGAGGTAAGGA-1,keep
CTGAGCGCAACGCATT-1,keep
CTGAGCGCACCTTCGT-1,keep
CTGAGCGTCCTCTCGA-1,keep
CTGAGGCAGGGCTGAT-1,keep
CTGAGGCAGTCCGTCG-1,keep
CTGAGGCCATTGACCA-1,keep
CTGAGGCCATTGCTGA-1,keep
CTGAGGCGTCGCTGCA-1,keep
CTGATCCAGAAAGCGA-1,keep
CTGATCCAGATTTGCC-1,keep
CTGATCCAGCGCGTTC-1,keep
CTGATCCCAGAACCGA-1,keep
CTGATCCCAGAGTGTG-1,keep
CTGATCCGTTAAAGTG-1,keep
CTGATCCTCAAACGTC-1,keep
CTGATCCTCAAGCCAT-1,keep
CTGCAGGCAATGAAAC-1,keep
CTGCAGGTCCCGAAAT-1,keep
CTGCAGGTCTCGGGAC-1,keep
CTGCATCAGATGCGAC-1,keep
CTGCATCGTCAGGCAA-1,keep
CTGCATCTCCCGTGAG-1,keep
CTGCATCTCTTACTGT-1,keep
CTGCCATCAAGAGGCT-1,keep
CTGCCATGTCTAATCG-1,keep
CTGCCATTCCACACCT-1,keep
CTGCCTAAGCTCACTA-1,keep
CTGCCTAAGGCATCGA-1,keep
CTGCCTAAGTAGCTCT-1,keep
CTGCCTAGTCACTCGG-1,keep
CTGCCTAGTCTCCCTA-1,keep
CTGCCTATCCCTAGGG-1,keep
CTGCGAGCAAACAGGC-1,keep
CTGCGAGCATGAGATA-1,keep
CTGCGAGGTTCCCACT-1,keep
CTGCGAGTCCGGCAGT-1,keep
CTGCTCAAGGAAAGTG-1,keep
CTGCTCAAGTAGACAT-1,keep
CTGCTCACAAGCCCAC-1,keep
CTGCTCAGTACAAGTA-1,keep
CTGCTCAGTGTTCATG-1,keep
CTGCTCATCCATCAGA-1,keep
CTGGACGAGAGAATCT-1,keep
CTGGACGAGTCAGAGC-1,keep
CTGGACGAGTCTCTGA-1,keep
CTGGACGAGTGACACG-1,keep
CTGGACGGTAATCAAG-1,keep
CTGGACGGTACAAACA-1,keep
CTGGACGGTCCCGCAA-1,keep
CTGGACGTCCTGCCAT-1,keep
CTGGACGTCTAGCCAA-1,keep
CTGGACGTCTTCACGC-1,keep
CTGGCAGAGCAACAGC-1,keep
CTGGCAGGTATCGAGG-1,keep
CTGGCAGGTGGCTTAT-1,keep
CTGGTCTCAAGTCCAT-1,keep
CTGGTCTCAGTGCCTG-1,keep
CTGGTCTCATGTAACC-1,keep
CTGGTCTGTAAGTTGA-1,keep
CTGGTCTGTCGGATTT-1,keep
CTGGTCTGTGGATCAG-1,keep
CTGTACCAGCAAGCCA-1,keep
CTGTACCAGCAATTCC-1,keep
CTGTACCCAGACCCGT-1,keep
CTGTACCCAGCGCTTG-1,keep
CTGTACCTCATGAGAA-1,keep
CTGTACCTCCATCAGA-1,keep
CTGTAGAAGGTTACAA-1,keep
CTGTAGAGTGCTGATT-1,keep
CTGTAGATCCAATCCC-1,keep
CTGTAGATCGAACCTA-1,keep
CTGTATTCACCTTCCA-1,keep
CTGTATTGTGTTTACG-1,keep
CTGTATTTCACTGTTT-1,keep
CTGTATTTCGCGTAGC-1,keep
CTGTCGTAGAATACAC-1,keep
CTGTCGTAGTTGCATC-1,keep
CTGTCGTCAAGATGTA-1,keep
CTGTCGTGTCTGTGAT-1,keep
CTGTCGTGTTATTCCT-1,keep
CTGTCGTTCAAGTTGC-1,keep
CTGTCGTTCCCTTGTG-1,keep
CTGTGAAAGAATAACC-1,keep
CTGTGAAAGCGCAATG-1,keep
CTGTGAAAGGACACTG-1,keep
CTGTGAACAGCCCACA-1,keep
CTGTGAACAGCTTTGA-1,keep
CTGTGAACATTGAAAG-1,keep
CTGTGAATCATTTGTC-1,keep
CTGTGAATCTGCTCTG-1,keep
CTGTGGGAGCGATGCA-1,keep
CTGTGGGCAAAGGGTC-1,keep
CTGTGGGCACGCGCTA-1,keep
CTGTGGGCAGCGTTGC-1,keep
CTGTGGGGTTGCTCGG-1,keep
CTGTGGGTCGCGCTGA-1,keep
CTTACCGAGCGCTGAA-1,keep
CTTACCGCAGTAGGAC-1,keep
CTTACCGGTGATTCAC-1,keep
CTTACCGTCCAAGCTA-1,keep
CTTAGGACAGCCGTTG-1,keep
CTTAGGAGTGGACAGT-1,keep
CTTAGGAGTTTGTTGG-1,keep
CTTAGGATCTGGCTGG-1,keep
CTTCAATCACTACAGT-1,keep
CTTCAATCATGACCCG-1,keep
CTTCAATGTACGTAGG-1,keep
CTTCAATGTTTCGATG-1,keep
CTTCAATTCCGAGAAG-1,keep
CTTCAATTCTTACCGC-1,keep
CTTCCGAAGGGCCCTT-1,keep
CTTCCGAAGTTAGTAG-1,keep
CTTCCGAGTATGATCC-1,keep
CTTCCTTAGCCTCTGG-1,keep
CTTCCTTAGGCCTAGA-1,keep
CTTCCTTAGTCATACC-1,keep
CTTCCTTGTCCGGTCA-1,keep
CTTCCTTGTGTTGATC-1,keep
CTTCCTTTCTGAGAGG-1,keep
CTTCGGTAGGAACGAA-1,keep
CTTCGGTAGGACACTG-1,keep
CTTCGGTCATATTCGG-1,keep
CTTCTAAAGTCGGCAA-1,keep
CTTCTAACAGCAGTGA-1,keep
CTTCTAACATGATCTG-1,keep
CTTCTAATCATCGACA-1,keep
CTTCTAATCGTGTGGC-1,keep
CTTCTCTAGATGTTCC-1,keep
CTTCTCTAGTGCGTCC-1,keep
CTTCTCTCAAGAGCTG-1,keep
CTTCTCTCACCCTAGG-1,keep
CTTCTCTGTAGGACCA-1,keep
CTTCTCTGTCGTACAT-1,keep
CTTCTCTGTGAATAAC-1,keep
CTTCTCTTCCGAGATT-1,keep
CTTCTCTTCGAGTACT-1,keep
CTTGAGAAGGTGCGAT-1,keep
CTTGAGACAACACGAG-1,keep
CTTGAGAGTACAGTTC-1,keep
CTTGAGAGTCCCGGTA-1,keep
CTTGAGAGTGAAGCTG-1,keep
CTTGAGATCCGTGTGG-1,keep
CTTGATTCAGAGTCAG-1,keep
CTTGATTCAGCGTGCT-1,keep
CTTGATTCATCGTGGC-1,keep
CTTGATTTCACTGTTT-1,keep
CTTTCAAAGGCTTTCA-1,keep
CTTTCAAAGGGTTGCA-1,keep
CTTTCAAAGTTAGAAC-1,keep
CTTTCAACATCTTAGG-1,keep
CTTTCAATCCCATGGG-1,keep
CTTTCGGCACGGATCC-1,keep
CTTTCGGCAGAGATGC-1,keep
CTTTCGGCATTGCCGG-1,keep
CTTTCGGGTGAGGCAT-1,keep
CTTTCGGGTTCCCAAA-1,keep
CTTTCGGTCAGCTGTA-1,keep
CTTTCGGTCGAGATAA-1,keep
GAAACCTAGACTTGTC-1,keep
GAAACCTAGCCGTTAT-1,keep
GAAACCTAGCTAATGA-1,keep
GAAACCTCAAGAAATC-1,keep
GAAACCTCAGCCCACA-1,keep
GAAACCTGTGGGCTTC-1,keep
GAAACCTTCGGATACT-1,keep
GAAATGAAGTTGGCTT-1,keep
GAAATGACAATAGTCC-1,keep
GAAATGACATGACTTG-1,keep
GAAATGATCCGAAGGA-1,keep
GAACACTAGACCATTC-1,keep
GAACACTAGCCTGAGA-1,keep
GAACACTAGTATGACA-1,keep
GAACACTCAAACACCT-1,keep
GAACACTCACTCGATA-1,keep
GAACGTTAGACTAGAT-1,keep
GAACGTTAGCGGCTCT-1,keep
GAACGTTAGCGTGTTT-1,keep
GAACGTTGTAAGCAAT-1,keep
GAACGTTTCCGTCAAA-1,keep
GAACTGTCACGACAGA-1,keep
GAACTGTCATCGCTGG-1,keep
GAACTGTGTGCAGATG-1,keep
GAACTGTGTTTGCAGT-1,keep
GAAGAATAGCATCGAG-1,keep
GAAGAATAGCGTTCCG-1,keep
GAAGAATAGGATACGC-1,keep
GAAGAATCAAGAGGCT-1,keep
GAAGAATGTTAATCGC-1,keep
GAAGAATTCCCATAGA-1,keep
GAAGAATTCGGTGCAC-1,keep
GAAGAATTCTCCATAT-1,keep
GAAGAATTCTCGTTTA-1,keep
GAAGCCCCAGTAACAA-1,keep
GAAGCCCCATTGGCAT-1,keep
GAAGCCCGTATCGAAA-1,keep
GAAGCCCGTGCTCTTC-1,keep
GAAGCGAGTGGTCAAG-1,keep
GAAGCGATCGCTCCTA-1,keep
GAAGCGATCTCCTACG-1,keep
GAAGGACCAGTGTATC-1,keep
GAAGGACGTACTAAGA-1,keep
GAAGGACGTGCAATAA-1,keep
GAAGGACTCGAGAACG-1,keep
GAAGGACTCTTACACT-1,keep
GAAGGGTGTCCAAAGG-1,keep
GAAGGGTGTCCACTCT-1,keep
GAAGTAAAGGTTACCT-1,keep
GAAGTAAAGTGCCGAA-1,keep
GAAGTAAGTACGATGG-1,keep
GAAGTAATCCTGATAG-1,keep
GAAGTAATCTCGTCGT-1,keep
GAATAGAAGACGAAGA-1,keep
GAATAGAAGTTAGAAC-1,keep
GAATAGACAGAGTGAC-1,keep
GAATAGATCACCTCTG-1,keep
GAATAGATCCATCTCG-1,keep
GAATCACAGCCTCAGC-1,keep
GAATCACAGTAGCCAG-1,keep
GAATCACCAATTTCCT-1,keep
GAATCACGTCACAGAG-1,keep
GAATCGTAGCAGGCAT-1,keep
GAATCGTAGTTAGAAC-1,keep
GAATCGTCACACCGAC-1,keep
GAATCGTCAGAACCGA-1,keep
GAATCGTTCAATCCGA-1,keep
GACACGCAGATTACCC-1,keep
GACACGCGTCCTTTGC-1,keep
GACACGCGTTCAGGTT-1,keep
GACACGCTCGACACCG-1,keep
GACAGCCAGAGGTCAC-1,keep
GACAGCCCACGTAGTT-1,keep
GACAGCCGTGCGAACA-1,keep
GACAGCCTCCTCGATC-1,keep
GACATCAAGGAGCTGT-1,keep
GACATCAGTGCAACGA-1,keep
GACCAATAGATTAGCA-1,keep
GACCAATAGCCTGGAA-1,keep
GACCAATAGCGTCTCG-1,keep
GACCAATAGGTCGCCT-1,keep
GACCAATCAAGGTCGA-1,keep
GACCAATCACACCGCA-1,keep
GACCAATCAGCAGTAG-1,keep
GACCAATCATCGCTGG-1,keep
GACCAATGTAAGGAGA-1,keep
GACCCAGAGCGAGTCA-1,keep
GACCCAGAGCTCTATG-1,keep
GACCCAGGTACAACGG-1,keep
GACCCAGTCGGATTAC-1,keep
GACCCAGTCTGCTTTA-1,keep
GACCCTTCACAGTCCG-1,keep
GACCCTTCAGCAGTAG-1,keep
GACCCTTGTCAGGAGT-1,keep
GACCCTTTCGTGCTCT-1,keep
GACCGTGAGAGTATAC-1,keep
GACCGTGAGCGTGTTT-1,keep
GACCGTGCAGCGCTTG-1,keep
GACCGTGGTTCCTTGC-1,keep
GACCGTGTCCAACTGA-1,keep
GACCGTGTCTCTCTTC-1,keep
GACCGTGTCTCTGACC-1,keep
GACCTTCAGCACCGTC-1,keep
GACGCTGAGCATATGA-1,keep
GACGCTGAGCGTCAAG-1,keep
GACGCTGAGCGTGTCC-1,keep
GACGCTGAGTAGGAAG-1,keep
GACGCTGTCGACCAAT-1,keep
GACGCTGTCTGTCGCT-1,keep
GACGTTAAGCCTAACT-1,keep
GACGTTACACGACTAT-1,keep
GACGTTAGTATGCGTT-1,keep
GACGTTATCATAGGCT-1,keep
GACGTTATCCTAACAG-1,keep
GACGTTATCGGTCTGG-1,keep
GACGTTATCTGTGCTC-1,keep
GACTATGAGCGGGTTA-1,keep
GACTATGCACGCAGTC-1,keep
GACTATGGTCTTGCTC-1,keep
GACTCAAAGCCTCTCT-1,keep
GACTCAACAAATCGGG-1,keep
GACTCAACAAATGCTC-1,keep
GACTCAATCGATTCCC-1,keep
GACTCAATCTCGCTCA-1,keep
GACTCTCCACTACTTT-1,keep
GACTCTCGTACCGTCG-1,keep
GACTCTCGTGGCTGCT-1,keep
GACTCTCGTTGGCTAT-1,keep
GACTCTCTCGACGAGA-1,keep
GACTCTCTCTCGAGTA-1,keep
GACTGATAGCCATATC-1,keep
GACTGATAGCTGAGTG-1,keep
GACTGATAGGCTTTCA-1,keep
GACTGATAGGGCCAAT-1,keep
GACTGATCACGACGAA-1,keep
GACTGATTCCCGTGAG-1,keep
GACTGATTCGTTAGTG-1,keep
GACTTCCAGAACCGCA-1,keep
GACTTCCAGTTCAACC-1,keep
GACTTCCCAATACAGA-1,keep
GACTTCCCAATGGCAG-1,keep
GACTTCCGTCTTGAAC-1,keep
GACTTCCTCGAGCCTG-1,keep
GAGAAATGTTCTTGTT-1,keep
GAGAAATTCCCACAGG-1,keep
GAGAAATTCTAACGGT-1,keep
GAGAAATTCTTACTGT-1,keep
GAGACCCCACGAAGAC-1,keep
GAGACCCCACTTCCTG-1,keep
GAGACCCGTCCTACAA-1,keep
GAGACCCTCGCAGTTA-1,keep
GAGACTTCATCCTAAG-1,keep
GAGACTTGTATTGGCT-1,keep
GAGACTTGTCCAAGAG-1,keep
GAGACTTTCAAACTGC-1,keep
GAGAGGTAGTGAGCCA-1,keep
GAGAGGTCACGCCACA-1,keep
GAGAGGTGTAAGGCTG-1,keep
GAGAGGTGTACCTGTA-1,keep
GAGAGGTTCCAATCCC-1,keep
GAGAGGTTCCCGAATA-1,keep
GAGATGGAGACATGCG-1,keep
GAGATGGAGCAAATCA-1,keep
GAGATGGCATTCACAG-1,keep
GAGATGGGTACTGAGG-1,keep
GAGATGGGTGTAGGAC-1,keep
GAGATGGTCGAGAGCA-1,keep
GAGCCTGCAATTGCTG-1,keep
GAGCCTGGTCTCAGAT-1,keep
GAGCCTGGTTGAAGTA-1,keep
GAGCCTGGTTGGTGTT-1,keep
GAGCCTGTCCCATGGG-1,keep
GAGCCTGTCTGCGAGC-1,keep
GAGCCTGTCTGCTTAT-1,keep
GAGCCTGTCTTACACT-1,keep
GAGCTGCAGAGCCATG-1,keep
GAGCTGCAGGTGAGCT-1,keep
GAGCTGCTCGTTATCT-1,keep
GAGCTGCTCTAGTTCT-1,keep
GAGGCAAAGGCCCAAA-1,keep
GAGGCAACACACCGCA-1,keep
GAGGCAAGTACGGGAT-1,keep
GAGGCAAGTAGTGGCA-1,keep
GAGGCAAGTCCGTTTC-1,keep
GAGGCAAGTTCCTACC-1,keep
GAGGCAATCAAGGTGG-1,keep
GAGGCCTCAGGCACTC-1,keep
GAGGCCTCATCCGGCA-1,keep
GAGGCCTGTTTCTTAC-1,keep
GAGGCCTTCAAGGTGG-1,keep
GAGGCCTTCACACGAT-1,keep
GAGGCCTTCCTACGGG-1,keep
GAGGGATAGGACAACC-1,keep
GAGGGATAGGAGACCT-1,keep
GAGGGATAGGTATCTC-1,keep
GAGGGATCACACACTA-1,keep
GAGGGATTCATGGATC-1,keep
GAGGGATTCGCAGATT-1,keep
GAGGGTAAGCAGGCAT-1,keep
GAGGGTAAGTGAGCCA-1,keep
GAGGGTACATCACGGC-1,keep
GAGGGTACATCGGCCA-1,keep
GAGGGTAGTAACATGA-1,keep
GAGGGTAGTATGTGTC-1,keep
GAGGGTAGTTTCCATT-1,keep
GAGGGTATCCCAAGTA-1,keep
GAGGGTATCGGAATTC-1,keep
GAGTCATCAGCGTTTA-1,keep
GAGTCATGTCCAGGTC-1,keep
GAGTCATGTCTTCAAG-1,keep
GAGTCATGTGTTGACT-1,keep
GAGTCATTCCAGTGCG-1,keep
GAGTCATTCTAGGCAT-1,keep
GAGTCTAGTAGAATAC-1,keep
GAGTCTAGTGCCCGTA-1,keep
GAGTCTAGTTCTATCT-1,keep
GAGTCTATCGTGGACC-1,keep
GAGTGAGAGCCTGACC-1,keep
GAGTGAGTCCGTATAG-1,keep
GAGTGAGTCGTAGCTA-1,keep
GAGTGAGTCTAAACGC-1,keep
GAGTGTTAGCTACTGT-1,keep
GAGTGTTCAAGGCTTT-1,keep
GAGTGTTTCAACGTGT-1,keep
GAGTGTTTCCAAGAGG-1,keep
GAGTTACCAGGTCAAG-1,keep
GAGTTACGTGCCGTTG-1,keep
GAGTTACTCCCATGGG-1,keep
GAGTTACTCTATTGTC-1,keep
GAGTTTGCACCCTAAA-1,keep
GATAGAAGTACGACAG-1,keep
GATAGAAGTCAACGCC-1,keep
GATAGAATCGCCAGAC-1,keep
GATAGAATCGCTAGCG-1,keep
GATAGCTAGGGACAGG-1,keep
GATAGCTCAGACAATA-1,keep
GATAGCTTCGACGACC-1,keep
GATCACAAGCTGAGCA-1,keep
GATCACACAAATACGA-1,keep
GATCACACAATGAAAC-1,keep
GATCACACAGTAACAA-1,keep
GATCACAGTATGATCC-1,keep
GATCACAGTCGGTGTC-1,keep
GATCACATCGCTTGCT-1,keep
GATCAGTCATTGAGCT-1,keep
GATCATGCACTTCAAG-1,keep
GATCATGGTAGCTAAA-1,keep
GATCATGGTATCAGGG-1,keep
GATCATGGTCATCCCT-1,keep
GATCATGGTGCTCTTC-1,keep
GATCCCTAGTCCCAGC-1,keep
GATCCCTCACGATAGG-1,keep
GATCCCTGTATCATGC-1,keep
GATCCCTGTCTGGTTA-1,keep
GATCCCTTCGGACGTC-1,keep
GATCGTAAGAGTCGAC-1,keep
GATCGTAAGATGCAGC-1,keep
GATCGTACACGTTCGG-1,keep
GATCGTACAGCTGTGC-1,keep
GATCGTATCATCGCAA-1,keep
GATGAGGAGACGATAT-1,keep
GATGAGGCAACTCCCT-1,keep
GATGAGGCACGCTGTG-1,keep
GATGAGGCAGAGTGTG-1,keep
GATGAGGTCACCCTCA-1,keep
GATGAGGTCCTGGGAC-1,keep
GATGATCTCCCTCGAT-1,keep
GATGATCTCGGTCACG-1,keep
GATGCTAAGACAGCTG-1,keep
GATGCTAAGCTAATCC-1,keep
GATGCTACACCCTCTA-1,keep
GATGCTACACGTAACT-1,keep
GATGCTACAGCTCTGG-1,keep
GATGCTACATCTCAAG-1,keep
GATGCTAGTGGGACAT-1,keep
GATGCTAGTTGGGACA-1,keep
GATGCTATCCGGCAGT-1,keep
GATGCTATCGCTGTCT-1,keep
GATGCTATCGTTAGTG-1,keep
GATGGAGAGGAGAATG-1,keep
GATGGAGTCAGTAGGG-1,keep
GATGGAGTCCTAAACG-1,keep
GATGTTGAGACAAGCC-1,keep
GATGTTGAGCCTCACG-1,keep
GATGTTGTCACCATCC-1,keep
GATGTTGTCACCTGTC-1,keep
GATGTTGTCATGTCTT-1,keep
GATGTTGTCTTACCAT-1,keep
GATGTTGTCTTAGCCC-1,keep
GATTCGAGTCTCTCCA-1,keep
GATTCGAGTGCCTTTC-1,keep
GATTCGAGTGTATACC-1,keep
GATTCGAGTTCAGCTA-1,keep
GATTCGATCCCTCATG-1,keep
GATTCGATCCGTGACG-1,keep
GATTCGATCTGACAGT-1,keep
GATTCTTAGACCACGA-1,keep
GATTCTTAGAGGATCC-1,keep
GATTCTTAGTGATAGT-1,keep
GATTCTTAGTGTTGTC-1,keep
GATTCTTCACCCAAGC-1,keep
GATTCTTCAGGCACTC-1,keep
GATTCTTCATCGGAAG-1,keep
GATTCTTGTCTCGCGA-1,keep
GATTCTTTCTGACGCG-1,keep
GATTGGTAGACCAGAC-1,keep
GATTGGTAGCATTGTC-1,keep
GATTGGTCACCTGCAG-1,keep
GATTGGTGTACAGTCT-1,keep
GATTGGTGTTACGATC-1,keep
GATTGGTTCCGTGGCA-1,keep
GATTTCTAGTTGCGAG-1,keep
GATTTCTGTGGGACAT-1,keep
GATTTCTGTTATGTCG-1,keep
GATTTCTTCGCACGAC-1,keep
GCAACATAGAAATTCG-1,keep
GCAACATCACGGCTAC-1,keep
GCAACCGAGCAAGTCG-1,keep
GCAACCGGTTGTTGAC-1,keep
GCACATATCAAGCTGT-1,keep
GCACGGTAGCGAGTAC-1,keep
GCACGGTAGTAGGATT-1,keep
GCACGGTCAGCTAACT-1,keep
GCACGGTTCCATCCGT-1,keep
GCACGTGGTATCACGT-1,keep
GCACTAACAGAGAATT-1,keep
GCACTAACATACATCG-1,keep
GCACTAAGTGTGCTTA-1,keep
GCACTAAGTGTTCGAT-1,keep
GCACTAAGTTGTATGC-1,keep
GCACTAATCCCGAAAT-1,keep
GCAGCCAAGCACACCC-1,keep
GCAGCCAAGCGGCTCT-1,keep
GCAGCCACACGTCGTG-1,keep
GCAGCCAGTATACCCA-1,keep
GCAGCCAGTTATCCAG-1,keep
GCAGCCATCCACTTCG-1,keep
GCAGCTGAGACAGCTG-1,keep
GCAGCTGGTCACGTGC-1,keep
GCAGCTGGTCTGTGTA-1,keep
GCAGCTGTCGCAAGAG-1,keep
GCAGCTGTCTTCACAT-1,keep
GCAGGCTAGAGGGCGA-1,keep
GCAGGCTCAACTACGT-1,keep
GCAGGCTGTACAGTAA-1,keep
GCAGGCTGTAGATCCT-1,keep
GCAGGCTGTAGGTTTC-1,keep
GCAGGCTGTCCACTTC-1,keep
GCAGGCTGTCGGCACT-1,keep
GCAGGCTGTGTTGCCG-1,keep
GCAGTTAAGACATATG-1,keep
GCAGTTAAGGCTAACG-1,keep
GCAGTTACAGGTATGG-1,keep
GCAGTTACATTAAAGG-1,keep
GCAGTTACATTAGGAA-1,keep
GCAGTTAGTCGTGGTC-1,keep
GCAGTTAGTCTTGAGT-1,keep
GCAGTTAGTGTTGCCG-1,keep
GCAGTTATCCTCTGCA-1,keep
GCATCGGAGAGTTGAT-1,keep
GCATCGGGTAAGTAGT-1,keep
GCATCGGGTCACATTG-1,keep
GCATCGGGTTTACCAG-1,keep
GCATCGGTCGATCCAA-1,keep
GCATCTCAGACCATTC-1,keep
GCATCTCAGATAGTGT-1,keep
GCATCTCAGGTTAAAC-1,keep
GCATCTCCAGCGACCT-1,keep
GCATCTCGTGCTTATG-1,keep
GCATCTCGTGGAAATT-1,keep
GCATCTCTCAAGAGGC-1,keep
GCATGATAGAGCCTGA-1,keep
GCATGATAGCCGATCC-1,keep
GCATGATGTGCCTTCT-1,keep
GCATGATTCGGAAGGT-1,keep
GCATTAGCACTGAGTT-1,keep
GCATTAGCAGAGTGTG-1,keep
GCATTAGGTATAGCTC-1,keep
GCATTAGGTGGAACCA-1,keep
GCATTAGTCAAGAAAC-1,keep
GCATTAGTCCGTTTCG-1,keep
GCATTAGTCGCTGTTC-1,keep
GCCAACGAGATTCGAA-1,keep
GCCAACGAGCACCGAA-1,keep
GCCAACGAGCTGGTGA-1,keep
GCCAACGAGTGGTGGT-1,keep
GCCAACGGTGTCCATA-1,keep
GCCAACGTCCAAAGGG-1,keep
GCCAACGTCGACGTCG-1,keep
GCCAGCAAGTGGACTG-1,keep
GCCAGCATCACATACG-1,keep
GCCAGGTAGTCGAATA-1,keep
GCCAGGTCAACAGAGC-1,keep
GCCAGGTCACTGGACC-1,keep
GCCAGGTCAGTAGAAT-1,keep
GCCAGGTGTAGATGTA-1,keep
GCCAGGTTCGCTATTT-1,keep
GCCAGTGAGAAGCTCG-1,keep
GCCAGTGAGACAACTA-1,keep
GCCAGTGAGCGCCATC-1,keep
GCCAGTGGTGACAGGT-1,keep
GCCAGTGTCTTTGCGC-1,keep
GCCATGGCAGGTGAGT-1,keep
GCCATGGCATGGGAAC-1,keep
GCCATGGCATGTAACC-1,keep
GCCATGGTCTCTTAAC-1,keep
GCCATTCCACAGTGTT-1,keep
GCCATTCCAGTTCCAA-1,keep
GCCATTCGTCTCTCCA-1,keep
GCCCAGAAGCGATGGT-1,keep
GCCCAGAAGCTCGTGC-1,keep
GCCCAGATCCGTTTCG-1,keep
GCCCAGATCCTGTTAT-1,keep
GCCCAGATCGACACTA-1,keep
GCCCGAAAGATGTAGT-1,keep
GCCCGAACATACAGCT-1,keep
GCCGATGAGAACTTCC-1,keep
GCCGATGCACAGTGAG-1,keep
GCCGATGGTTGCCGCA-1,keep
GCCGATGTCTCCTGCA-1,keep
GCCGATGTCTGAACGT-1,keep
GCCGTGAAGCGGTAGT-1,keep
GCCGTGACAACCGACC-1,keep
GCCGTGACACAACATC-1,keep
GCCGTGACACGGATCC-1,keep
GCCGTGAGTCCTCATC-1,keep
GCCGTGAGTCGTGATT-1,keep
GCCGTGAGTGCCGTTG-1,keep
GCCGTGATCACTGAAC-1,keep
GCCGTGATCCATCGTC-1,keep
GCCGTGATCGCCTTGT-1,keep
GCCGTGATCTACGGGC-1,keep
GCCTGTTAGGCACAAC-1,keep
GCCTGTTGTGGTTCTA-1,keep
GCGAGAAAGTTTGGCT-1,keep
GCGAGAACAAAGACTA-1,keep
GCGAGAACAGAGGACT-1,keep
GCGAGAACATAAGCGG-1,keep
GCGAGAAGTCGAATGG-1,keep
GCGAGAATCCACTGAA-1,keep
GCGAGAATCGCAACAT-1,keep
GCGAGAATCGTAGGGA-1,keep
GCGATCGAGAGCCCAA-1,keep
GCGATCGAGCTGTCCG-1,keep
GCGATCGCACGCAGTC-1,keep
GCGATCGGTGGCTTGC-1,keep
GCGATCGTCAACTCTT-1,keep
GCGGAAAAGAAGCGGG-1,keep
GCGGAAACAGGCGATA-1,keep
GCGGAAACATTAGGCT-1,keep
GCGGAAAGTGGTCCCA-1,keep
GCGGAAAGTTAGAAGT-1,keep
GCGGATCCACAAGCCC-1,keep
GCGGATCCAGAAATCA-1,keep
GCGGATCGTCCAGCGT-1,keep
GCGGATCTCCGTTGGG-1,keep
GCGTGCAAGTAGTCCT-1,keep
GCGTGCACAAGAGTTA-1,keep
GCGTGCAGTCCACAGC-1,keep
GCGTGCAGTGCGCTCA-1,keep
GCGTGCAGTTAGAGTA-1,keep
GCGTGCATCCCGTAAA-1,keep
GCGTGCATCGTACACA-1,keep
GCGTGCATCTGGCCAG-1,keep
GCGTTTCAGAATCCCT-1,keep
GCGTTTCAGACAACTA-1,keep
GCGTTTCAGACGGAAA-1,keep
GCGTTTCAGCTATCTG-1,keep
GCGTTTCGTACCGCGT-1,keep
GCGTTTCTCCAAGCTA-1,keep
GCTACAACAACCAGAG-1,keep
GCTACAACAGCGGTCT-1,keep
GCTACAAGTCCGAAGA-1,keep
GCTACAATCACTGGGC-1,keep
GCTACAATCATCTGTT-1,keep
GCTACCTAGAACTGAT-1,keep
GCTACCTAGTAGTCTC-1,keep
GCTACCTCAAATTAGG-1,keep
GCTACCTCACAATTCG-1,keep
GCTACCTCATTCGATG-1,keep
GCTACCTGTGAGCGAT-1,keep
GCTACCTGTTGCTGAT-1,keep
GCTACCTTCCGTTTCG-1,keep
GCTCAAAAGGGTCACA-1,keep
GCTCAAATCCGGCAGT-1,keep
GCTCAAATCTCATGCC-1,keep
GCTGAATAGACCAGCA-1,keep
GCTGAATAGAGAGAAC-1,keep
GCTGAATAGGCCTTGC-1,keep
GCTGAATCAGAATCGG-1,keep
GCTGAATCATCGCTAA-1,keep
GCTGAATGTACCGGAA-1,keep
GCTGAATGTCCTGTTC-1,keep
GCTGAATTCGCCTAGG-1,keep
GCTGAATTCTTCCGTG-1,keep
GCTGCAGAGCCTTGAT-1,keep
GCTGCAGAGCTGTACT-1,keep
GCTGCAGAGGAGGTTC-1,keep
GCTGCAGCACAGTACT-1,keep
GCTGCAGCACGTCGTG-1,keep
GCTGGGTAGGCACGAT-1,keep
GCTGGGTCAGGTGAGT-1,keep
GCTGGGTGTCTGATCA-1,keep
GCTGGGTGTGTTACAC-1,keep
GCTTCACAGTGATCGG-1,keep
GCTTCACCAAAGGCAC-1,keep
GCTTCACCACAAGCTT-1,keep
GCTTCACGTAGATTAG-1,keep
GCTTCACGTGAGCGAT-1,keep
GCTTCACGTTAAGACA-1,keep
GCTTCACGTTCCTTGC-1,keep
GCTTCACTCCTGGGTG-1,keep
GCTTGGGAGAGAGTGA-1,keep
GCTTGGGAGAGTGGCT-1,keep
GCTTGGGAGTAAATGC-1,keep
GCTTGGGAGTAGCAAT-1,keep
GCTTGGGGTCGAACGA-1,keep
GCTTGGGTCCATTCGC-1,keep
GCTTTCGCAGACCATT-1,keep
GCTTTCGGTGGTCCGT-1,keep
GCTTTCGTCTGGCCAG-1,keep
GCTTTCGTCTGGGATT-1,keep
GGAACCCCACACGGAA-1,keep
GGAACCCCACACGGTC-1,keep
GGAACCCCACGTCGGT-1,keep
GGAAGTGGTGGCAGAT-1,keep
GGAAGTGTCGTCAGAT-1,keep
GGAAGTGTCGTTCCCA-1,keep
GGAATCTAGCGAATGC-1,keep
GGAATCTCAAGATGTA-1,keep
GGAATCTCAGCCTATA-1,keep
GGAATCTGTCTCGACG-1,keep
GGAATCTGTGAAGCTG-1,keep
GGAATGGAGGATCATA-1,keep
GGAATGGAGTTGCTCA-1,keep
GGAATGGCACAGAAGC-1,keep
GGAATGGCAGGCCCTA-1,keep
GGAATGGTCCCAGGAC-1,keep
GGACGTCAGAACTCCT-1,keep
GGACGTCAGGTCCTGC-1,keep
GGACGTCAGTGGGAAA-1,keep
GGACGTCTCCGAACGC-1,keep
GGACGTCTCGGTCGAC-1,keep
GGACGTCTCTGGGTCG-1,keep
GGAGAACAGGAACGTC-1,keep
GGAGAACGTATTCTCT-1,keep
GGAGAACTCCCGTGAG-1,keep
GGAGAACTCTCCCAAC-1,keep
GGAGATGAGACAAGCC-1,keep
GGAGATGGTAATTGGA-1,keep
GGAGATGGTGCAACGA-1,keep
GGAGCAACACATATGC-1,keep
GGAGCAACACTCCTGT-1,keep
GGAGCAACATCGATGT-1,keep
GGAGCAAGTTCAATCG-1,keep
GGAGCAATCACCTGTC-1,keep
GGAGGATAGCCTCAGC-1,keep
GGAGGATAGGTAATCA-1,keep
GGAGGATCAGCAATTC-1,keep
GGAGGATCAGGGTCTC-1,keep
GGAGGATGTCTACACA-1,keep
GGAGGATTCACCATGA-1,keep
GGAGGATTCTCATTTG-1,keep
GGAGGTACACGAGGAT-1,keep
GGAGGTAGTGGCATCC-1,keep
GGAGGTAGTGTCTCCT-1,keep
GGAGGTAGTTCGAACT-1,keep
GGAGGTAGTTTCCCAC-1,keep
GGAGGTATCAGAGTGG-1,keep
GGATCTACAATTGAAG-1,keep
GGATCTACAGAACCGA-1,keep
GGATCTACAGCTTCGG-1,keep
GGATCTACAGTCTTCC-1,keep
GGATCTAGTACAGAAT-1,keep
GGATCTATCCCGAGTG-1,keep
GGATGTTAGGCTCACC-1,keep
GGATGTTAGTGGACGT-1,keep
GGATGTTCAAGCGATG-1,keep
GGATGTTCACACCTTC-1,keep
GGATGTTGTTTGTTGG-1,keep
GGCACGTCAGCCCACA-1,keep
GGCACGTGTAAGATAC-1,keep
GGCACGTGTCAACCTA-1,keep
GGCACGTGTGAGTCAG-1,keep
GGCACGTTCAAATGCC-1,keep
GGCACGTTCGGAGATG-1,keep
GGCAGTCAGATCCCGC-1,keep
GGCAGTCAGTTTAGGA-1,keep
GGCAGTCCAATGCAGG-1,keep
GGCAGTCCATCGCCTT-1,keep
GGCAGTCTCGTAGTGT-1,keep
GGCGTCAAGGAGGGTG-1,keep
GGCGTCAAGGCAGGTT-1,keep
GGCGTCAAGGCCCGTT-1,keep
GGCGTCAGTACGCTAT-1,keep
GGCGTCAGTACGCTTA-1,keep
GGCTGTGCAAGTATCC-1,keep
GGCTGTGCACAAGCCC-1,keep
GGCTGTGCACATGACT-1,keep
GGCTGTGCATCACCAA-1,keep
GGCTGTGGTATTTCTC-1,keep
GGCTGTGGTGGGTCAA-1,keep
GGCTTGGAGGACGCAT-1,keep
GGCTTGGCAAGCTGCC-1,keep
GGCTTGGCAGTTTCGA-1,keep
GGCTTGGCATGACTTG-1,keep
GGCTTGGGTCACTCTC-1,keep
GGCTTGGGTGTTCCTC-1,keep
GGCTTTCCAAGAGGCT-1,keep
GGCTTTCCAGACCTAT-1,keep
GGCTTTCGTCTGTAAC-1,keep
GGCTTTCGTTAGGGTG-1,keep
GGCTTTCTCACTTTGT-1,keep
GGCTTTCTCGCTAAAC-1,keep
GGGAAGTAGATGACAT-1,keep
GGGAAGTAGTTGCGAG-1,keep
GGGACAAAGATGTTCC-1,keep
GGGACAACAGACGCTC-1,keep
GGGACAAGTACGTTCA-1,keep
GGGACAAGTGAAAGTT-1,keep
GGGACAATCTCGCTCA-1,keep
GGGACAATCTGACGCG-1,keep
GGGACAATCTTTGCTA-1,keep
GGGACCTAGAAGTCAT-1,keep
GGGACCTAGCACCAGA-1,keep
GGGACCTCAGAGTGTG-1,keep
GGGACCTTCCAGTGTA-1,keep
GGGACCTTCGACATAC-1,keep
GGGACTCAGTGACACG-1,keep
GGGACTCCAATACCTG-1,keep
GGGACTCCACAGCATT-1,keep
GGGACTCGTAAGCGGT-1,keep
GGGACTCTCACGGTCG-1,keep
GGGACTCTCCGTAGGC-1,keep
GGGACTCTCGTTCTCG-1,keep
GGGAGATAGATGTTAG-1,keep
GGGAGATCAGCAGTTT-1,keep
GGGAGATTCCGGCAAC-1,keep
GGGAGTATCACCGCTT-1,keep
GGGATCCAGCAGCGAT-1,keep
GGGATCCAGGTACAGC-1,keep
GGGATCCCAGGTATGG-1,keep
GGGATCCCATCGTGGC-1,keep
GGGATCCGTCAGGAGT-1,keep
GGGATCCTCGAGATAA-1,keep
GGGATGAAGAAACTCA-1,keep
GGGATGAAGAACTCCT-1,keep
GGGATGAAGCGAACTG-1,keep
GGGATGAAGCGTTAGG-1,keep
GGGATGAAGGCACCAA-1,keep
GGGCCATAGACTCAAA-1,keep
GGGCCATAGTTGTACC-1,keep
GGGCCATAGTTTGAGA-1,keep
GGGCCATCAGGACGAT-1,keep
GGGCCATCAGTCAACT-1,keep
GGGCCATCATCTAGAC-1,keep
GGGCCATTCGTAACTG-1,keep
GGGCGTTAGCATGATA-1,keep
GGGCGTTGTCCACTCT-1,keep
GGGCGTTTCACTGGGC-1,keep
GGGCGTTTCCACGTAA-1,keep
GGGCGTTTCCATCTGC-1,keep
GGGCGTTTCCCTATTA-1,keep
GGGCTACCAGCTTTCC-1,keep
GGGCTACCATAGTCAC-1,keep
GGGCTCACAAAGGCGT-1,keep
GGGCTCACAGATCACT-1,keep
GGGCTCACAGTAGATA-1,keep
GGGCTCACATCATGAC-1,keep
GGGCTCATCACTTTGT-1,keep
GGGCTCATCATAGGCT-1,keep
GGGCTCATCGAAGTGG-1,keep
GGGTAGAAGGGTAATT-1,keep
GGGTAGATCGAAGCAG-1,keep
GGGTATTAGCACTAAA-1,keep
GGGTATTAGCGTTAGG-1,keep
GGGTATTAGGTCGAGT-1,keep
GGGTATTTCCACGGGT-1,keep
GGGTATTTCCATTGTT-1,keep
GGGTCACAGGTGCCAA-1,keep
GGGTCACAGTGCCCGT-1,keep
GGGTCACCACACAGAG-1,keep
GGGTCACCATCACAGT-1,keep
GGGTCACGTGAATTGA-1,keep
GGGTCACTCGTGAGAG-1,keep
GGGTCTGCACCAGTAT-1,keep
GGGTCTGCAGTCGTTA-1,keep
GGGTCTGGTGCGACAA-1,keep
GGGTCTGGTTGCTTGA-1,keep
GGGTCTGTCCTCAGAA-1,keep
GGGTGAAGTTATGACC-1,keep
GGGTGAATCCCAATAG-1,keep
GGGTGAATCTACCTTA-1,keep
GGGTGTCAGAGCAGCT-1,keep
GGGTGTCAGCAGAAAG-1,keep
GGGTGTCAGGAATGTT-1,keep
GGGTGTCCACGACGAA-1,keep
GGGTGTCCACTGGATT-1,keep
GGGTGTCGTTTGTTCT-1,keep
GGGTGTCTCGACTCCT-1,keep
GGGTTATAGGTTCTTG-1,keep
GGGTTATCAACCGATT-1,keep
GGGTTATCAAGGCAAC-1,keep
GGGTTATCACACCTAA-1,keep
GGGTTATCACGGATCC-1,keep
GGGTTATGTCTAATCG-1,keep
GGGTTATTCGCTGCGA-1,keep
GGGTTTAAGAGCAACC-1,keep
GGGTTTAAGCAGCAGT-1,keep
GGGTTTAAGGGTACGT-1,keep
GGGTTTAAGTAGACAT-1,keep
GGGTTTAAGTGGACGT-1,keep
GGGTTTACACAGCCAC-1,keep
GGGTTTACATACTGTG-1,keep
GGGTTTACATCCCACT-1,keep
GGGTTTATCGATACGT-1,keep
GGGTTTATCGCTCTCA-1,keep
GGTAACTAGGTTCCGC-1,keep
GGTAACTAGTTCACTG-1,keep
GGTAACTGTACCGCGT-1,keep
GGTAACTGTCGCGGTT-1,keep
GGTAACTGTGACACGA-1,keep
GGTAACTTCTCCCATG-1,keep
GGTAATCCACAGTACT-1,keep
GGTAATCGTCCTGAAT-1,keep
GGTAATCTCAAACCTG-1,keep
GGTAATCTCACTGTCC-1,keep
GGTAATCTCGTAACCA-1,keep
GGTAGAGAGCACTTTG-1,keep
GGTAGAGAGTGCACTT-1,keep
GGTAGAGCAACCAATC-1,keep
GGTAGAGTCATTGAGC-1,keep
GGTCACGGTGCCAAGA-1,keep
GGTCTGGGTAGGGAGG-1,keep
GGTCTGGGTCTGATAC-1,keep
GGTGAAGCACGAAAGC-1,keep
GGTGAAGCACTCCTGT-1,keep
GGTGAAGCAGCGTGAA-1,keep
GGTGAAGCAGTGGTGA-1,keep
GGTGAAGCATCCGTGG-1,keep
GGTGAAGTCATTGCGA-1,keep
GGTGAAGTCTTTCCGG-1,keep
GGTGATTAGAGCTTTC-1,keep
GGTGATTAGTATAACG-1,keep
GGTGATTAGTTCACTG-1,keep
GGTGATTGTAGAAACT-1,keep
GGTGATTGTTGCGTAT-1,keep
GGTGATTGTTTAGAGA-1,keep
GGTGGCTCACCAGCTG-1,keep
GGTGGCTGTAGGTTTC-1,keep
GGTGGCTGTGTCGCTG-1,keep
GGTGGCTTCCGACATA-1,keep
GGTGTCGAGGTTGACG-1,keep
GGTGTCGAGTCGCCCA-1,keep
GGTGTCGAGTTCCTGA-1,keep
GGTGTCGCATCAGCTA-1,keep
GGTGTCGGTACCCGAC-1,keep
GGTGTCGTCGAACGGA-1,keep
GGTGTCGTCGCCAATA-1,keep
GGTGTCGTCTGAGATC-1,keep
GGTGTTACATGATGCT-1,keep
GGTGTTAGTCGCATCG-1,keep
GGTGTTAGTGCATCTA-1,keep
GGTGTTATCCATACAG-1,keep
GGTGTTATCGGTAAGG-1,keep
GGTTAACCACCAAAGG-1,keep
GGTTAACGTATGTCTG-1,keep
GGTTAACGTTCAAGGG-1,keep
GGTTAACGTTGTATGC-1,keep
GGTTAACTCTACTGAG-1,keep
GGTTAACTCTAGAGCT-1,keep
GGTTCTCAGCCACAAG-1,keep
GGTTCTCGTCCAACGC-1,keep
GGTTCTCTCCCTCTTT-1,keep
GGTTCTCTCTCGAACA-1,keep
GGTTGTACAAGTGGCA-1,keep
GGTTGTACACGTACTA-1,keep
GGTTGTATCACGAACT-1,keep
GGTTGTATCCGTTTCG-1,keep
GTAACACAGCTAGAGC-1,keep
GTAACACGTCACCTTC-1,keep
GTAACACGTTCTCCAC-1,keep
GTAACACTCGAAGCCC-1,keep
GTAACACTCTATCACT-1,keep
GTAACCAAGGCGCTCT-1,keep
GTAACCAAGTAAATGC-1,keep
GTAACCACAAGACGAC-1,keep
GTAACCAGTTGTGGAG-1,keep
GTAACCATCTGTTCAT-1,keep
GTAAGTCAGCTGCCAC-1,keep
GTAAGTCGTACAGTCT-1,keep
GTAAGTCGTCGGCCTA-1,keep
GTAAGTCTCTCGAGTA-1,keep
GTAATCGCAATACCCA-1,keep
GTAATCGCATGTTACG-1,keep
GTAATCGGTTAATGAG-1,keep
GTAATCGTCACAGAGG-1,keep
GTAATGCAGCCTAACT-1,keep
GTAATGCAGCTTCTAG-1,keep
GTAATGCCATATGCGT-1,keep
GTAATGCGTGCCGAAA-1,keep
GTAATGCTCACAACCA-1,keep
GTAATGCTCCACGTGG-1,keep
GTACAACAGGATGTTA-1,keep
GTACAACAGGCTCACC-1,keep
GTACAACCAGTCCGTG-1,keep
GTACAACGTGAAGCGT-1,keep
GTACAACGTTTGACAC-1,keep
GTACAGTCACCTGATA-1,keep
GTACAGTGTGAGTTGG-1,keep
GTACAGTGTTAAACCC-1,keep
GTACAGTGTTCCGTTC-1,keep
GTACAGTTCCGTGTCT-1,keep
GTAGAAACACTAGAGG-1,keep
GTAGAAACAGGACTAG-1,keep
GTAGAAAGTATGCTAC-1,keep
GTAGAAATCGCGAAGA-1,keep
GTAGAGGAGACAGTCG-1,keep
GTAGAGGAGCCTCATA-1,keep
GTAGAGGAGCTTCATG-1,keep
GTAGAGGAGTCTACCA-1,keep
GTAGAGGCATAGAAAC-1,keep
GTAGAGGGTCGGCTAC-1,keep
GTAGAGGTCTCGTGAA-1,keep
GTAGATCCAAGGATGC-1,keep
GTAGATCCAGTTTCAG-1,keep
GTAGATCGTCGTATGT-1,keep
GTAGATCGTTAAACAG-1,keep
GTAGATCTCAGTAGGG-1,keep
GTAGATCTCCCATGGG-1,keep
GTAGATCTCTACGCAA-1,keep
GTAGCTAAGTAACGTA-1,keep
GTAGCTAGTAACTGCT-1,keep
GTAGCTAGTCCAGGTC-1,keep
GTAGGAGAGCTACTAC-1,keep
GTAGGAGAGCTGTTAC-1,keep
GTAGGAGAGGAGGGTG-1,keep
GTAGGAGTCCCGTTCA-1,keep
GTAGGAGTCCTACGAA-1,keep
GTAGGTTAGAAGCCTG-1,keep
GTAGGTTAGCCGAATG-1,keep
GTAGGTTCACCCTAAA-1,keep
GTAGGTTTCGCGATCG-1,keep
GTAGTACCAGACAAAT-1,keep
GTAGTACCAGATACTC-1,keep
GTAGTACGTGCTATTG-1,keep
GTAGTACGTTCAACGT-1,keep
GTAGTACGTTGGGTTT-1,keep
GTAGTACTCTCATGGA-1,keep
GTATTGGCAATCTAGC-1,keep
GTATTGGGTAAGAACT-1,keep
GTATTGGGTTGGGTAG-1,keep
GTATTGGTCCATATGG-1,keep
GTATTGGTCGGTCTGG-1,keep
GTATTTCAGGTCCGAA-1,keep
GTATTTCCAGGAGGTT-1,keep
GTATTTCCAGGCACTC-1,keep
GTATTTCGTGTGACCC-1,keep
GTATTTCGTTATGGTC-1,keep
GTATTTCTCGGAATGG-1,keep
GTCAAACAGCCTCTGG-1,keep
GTCAAACAGCTTAGTC-1,keep
GTCAAACCACTGAGGA-1,keep
GTCAAGTGTCGGTGTC-1,keep
GTCAAGTGTTCTTGTT-1,keep
GTCACGGAGAGTCAAT-1,keep
GTCACGGAGCACCGTC-1,keep
GTCACGGAGTTCGCAT-1,keep
GTCACGGCACGCAGTC-1,keep
GTCACGGCATGACACT-1,keep
GTCACGGGTATAGCTC-1,keep
GTCACGGGTCATGCAT-1,keep
GTCACGGTCGTGCGAC-1,keep
GTCACTCAGGGCGAGA-1,keep
GTCACTCAGTGGCCTC-1,keep
GTCACTCCAGCTCGGT-1,keep
GTCACTCGTAAGCGGT-1,keep
GTCACTCGTGCAACGA-1,keep
GTCAGCGAGCTATCTG-1,keep
GTCAGCGCAAATGGAT-1,keep
GTCAGCGCAGAAGTTA-1,keep
GTCAGCGCAGGATCTT-1,keep
GTCAGCGTCCAACACA-1,keep
GTCAGCGTCTACACAG-1,keep
GTCAGCGTCTGCGGAC-1,keep
GTCATCCAGTGCCAGA-1,keep
GTCATCCCAAGACGAC-1,keep
GTCATCCCAAGCGCAA-1,keep
GTCATCCTCCTTACCG-1,keep
GTCATGAGTACCCGCA-1,keep
GTCATGAGTCTTCAAG-1,keep
GTCATGATCGACCACG-1,keep
GTCATTTAGCACTCCG-1,keep
GTCATTTCACAATGAA-1,keep
GTCATTTCAGGTTCCG-1,keep
GTCATTTGTAACTTCG-1,keep
GTCATTTGTTAAGAAC-1,keep
GTCATTTGTTCCTAGA-1,keep
GTCATTTGTTTACCTT-1,keep
GTCATTTTCAGGAAGC-1,keep
GTCCACTAGTGGTTAA-1,keep
GTCCACTGTAAGGCCA-1,keep
GTCCACTTCTGTGTGA-1,keep
GTCCCATAGATTAGTG-1,keep
GTCCCATAGGTCCTGC-1,keep
GTCCCATCACCCTCTA-1,keep
GTCCCATTCAATCCGA-1,keep
GTCCCATTCACAGTGT-1,keep
GTCCTCAAGAGGGCGA-1,keep
GTCCTCAGTAAGGTCG-1,keep
GTCCTCATCGTACCTC-1,keep
GTCCTCATCTATCGCC-1,keep
GTCGAATAGAGTCCGA-1,keep
GTCGAATCACTGTTCC-1,keep
GTCGAATGTGCAACAG-1,keep
GTCGAATTCAGGGATG-1,keep
GTCGCGATCCCTGGTT-1,keep
GTCGTAAAGACGATAT-1,keep
GTCGTAAAGCGGTATG-1,keep
GTCGTAACAAATGGCG-1,keep
GTCGTAACAGTCTTCC-1,keep
GTCGTAAGTAGCTGCC-1,keep
GTCGTAAGTAGCTTAC-1,keep
GTCGTAAGTTGGATCT-1,keep
GTCGTAATCATGTCAG-1,keep
GTCGTTCAGAAACACT-1,keep
GTCGTTCCACCTGATA-1,keep
GTCGTTCCATCGAACT-1,keep
GTCGTTCGTCGACTGC-1,keep
GTCGTTCTCGTCTCAC-1,keep
GTCGTTCTCGTGCTCT-1,keep
GTCTACCAGCACTCCG-1,keep
GTCTACCAGTGAGTGC-1,keep
GTCTACCCAAGTGTCT-1,keep
GTCTACCCACTTGTCC-1,keep
GTCTACCGTACTCGCG-1,keep
GTCTACCGTCCAAAGG-1,keep
GTCTACCGTTAGGGAC-1,keep
GTCTACCGTTGTGTTG-1,keep
GTCTAGAAGCTTGTGT-1,keep
GTCTAGAGTGACTATC-1,keep
GTCTAGATCCACACCT-1,keep
GTCTAGATCGTCAACA-1,keep
GTCTCACAGAATCGTA-1,keep
GTCTCACAGGCTCTAT-1,keep
GTCTCACGTACTTGTG-1,keep
GTCTCACGTTCACGAT-1,keep
GTCTGTCGTCTAATCG-1,keep
GTCTGTCGTTGGGACA-1,keep
GTCTGTCTCCATTTCA-1,keep
GTCTGTCTCCGAAATC-1,keep
GTCTGTCTCGACGTCG-1,keep
GTCTTTACATGCACTA-1,keep
GTCTTTATCCTACACC-1,keep
GTCTTTATCGTAGAGG-1,keep
GTCTTTATCTAGCAAC-1,keep
GTGACGCCAGATCATC-1,keep
GTGACGCCATACTGAC-1,keep
GTGACGCCATGACAGG-1,keep
GTGACGCCATTACGGT-1,keep
GTGACGCTCTGGTCAA-1,keep
GTGAGCCAGGGCGAGA-1,keep
GTGAGCCGTGTTCGTA-1,keep
GTGAGCCTCCGTAGTA-1,keep
GTGAGGAAGAGAGAAC-1,keep
GTGAGGAAGAGTCCGA-1,keep
GTGAGGAAGTGTTCCA-1,keep
GTGAGGAGTATTGAGA-1,keep
GTGAGGATCCGGACTG-1,keep
GTGAGTTAGACTACGG-1,keep
GTGAGTTAGAGTCTTC-1,keep
GTGAGTTAGCTACTGT-1,keep
GTGAGTTAGGTAAAGG-1,keep
GTGAGTTGTGGACCAA-1,keep
GTGAGTTGTGTTCCTC-1,keep
GTGAGTTTCGGACTGC-1,keep
GTGAGTTTCGTCCATC-1,keep
GTGATGTAGATGTTAG-1,keep
GTGATGTGTCCGGACT-1,keep
GTGATGTGTCTGTCAA-1,keep
GTGCACGAGGGACCAT-1,keep
GTGCACGAGTAGACCG-1,keep
GTGCACGAGTTGGGAC-1,keep
GTGCACGCAAGCTCTA-1,keep
GTGCACGCAGTTAAAG-1,keep
GTGCACGGTGGCTTGC-1,keep
GTGCACGTCATGTCTT-1,keep
GTGCAGCAGCGAAACC-1,keep
GTGCAGCAGGCTTCCG-1,keep
GTGCAGCAGTGAGTGC-1,keep
GTGCAGCCAAATAAGC-1,keep
GTGCAGCCACGCACCA-1,keep
GTGCAGCCACTCCCTA-1,keep
GTGCAGCTCACCGCTT-1,keep
GTGCAGCTCGAGTCTA-1,keep
GTGCGTGAGCAAATCA-1,keep
GTGCGTGAGGAAAGTG-1,keep
GTGCGTGGTCTGTAGT-1,keep
GTGCTGGAGCCGATAG-1,keep
GTGCTGGCAAGCGGAT-1,keep
GTGCTGGCATGCCGGT-1,keep
GTGCTGGGTCGAGTGA-1,keep
GTGCTGGGTTTGAAAG-1,keep
GTGCTTCCACGCGCTA-1,keep
GTGCTTCGTTCGAGCC-1,keep
GTGCTTCTCCGATCGG-1,keep
GTGCTTCTCTTCGACC-1,keep
GTGGAAGAGTTTGAGA-1,keep
GTGGAAGAGTTTGTCG-1,keep
GTGGAAGCAAGCTGTT-1,keep
GTGGAAGCAGCATCTA-1,keep
GTGGAAGGTAGTACGG-1,keep
GTGGAAGGTGTGAATA-1,keep
GTGGAAGTCATAGCAC-1,keep
GTGGAAGTCTAGACCA-1,keep
GTGGAGAAGCACTAGG-1,keep
GTGGAGAAGCCAGTAG-1,keep
GTGGAGAAGCTTCTAG-1,keep
GTGGAGAAGGCGATAC-1,keep
GTGGAGAGTCCAGCAC-1,keep
GTGGAGATCCTAACAG-1,keep
GTGGCGTAGCAGCCCT-1,keep
GTGGCGTCAATTAGGA-1,keep
GTGGCGTCACACACGC-1,keep
GTGGCGTCAGGCACAA-1,keep
GTGGGAACAATGAGCG-1,keep
GTGGGAAGTCGTACTA-1,keep
GTGGGAATCTCTGCCA-1,keep
GTGGTTAAGGTCGACA-1,keep
GTGGTTAAGTGGTCAG-1,keep
GTGGTTACAGGATCTT-1,keep
GTGGTTAGTATGAGCG-1,keep
GTGGTTAGTCCGGCAT-1,keep
GTGGTTAGTCGTACTA-1,keep
GTGTAACGTATTAAGG-1,keep
GTGTAACTCAAAGCCT-1,keep
GTGTAACTCTTCACAT-1,keep
GTGTCCTAGTAGACCG-1,keep
GTGTCCTGTTATGGTC-1,keep
GTGTGATAGACGCATG-1,keep
GTGTGATAGCATTTCG-1,keep
GTGTGATCAGCACGAA-1,keep
GTGTGATGTTGGTACT-1,keep
GTGTGGCAGACGTCCC-1,keep
GTGTGGCAGCTAAGTA-1,keep
GTGTGGCCACTGTTCC-1,keep
GTGTGGCCAGCAGGAT-1,keep
GTGTGGCGTAGCTTGT-1,keep
GTGTGGCGTTGCACGC-1,keep
GTGTGGCTCCCATGGG-1,keep
GTGTGGCTCTGGGAGA-1,keep
GTGTTAGAGAGCATTA-1,keep
GTGTTAGAGGAGATAG-1,keep
GTGTTAGCAGTTGCGC-1,keep
GTGTTAGCATATCGGT-1,keep
GTGTTAGTCATTGTTC-1,keep
GTGTTAGTCTATCCAT-1,keep
GTGTTCCCAAGGTCTT-1,keep
GTGTTCCTCCCTGTTG-1,keep
GTGTTCCTCGCCTAGG-1,keep
GTGTTCCTCGCTCTAC-1,keep
GTTACAGAGTGGTCAG-1,keep
GTTACAGTCCCAAGCG-1,keep
GTTACAGTCGATGCTA-1,keep
GTTACCCAGCACGATG-1,keep
GTTACCCAGGGCAACT-1,keep
GTTACCCAGGTTGACG-1,keep
GTTACCCCATTGGATC-1,keep
GTTACCCTCTCTGCTG-1,keep
GTTACGAAGGGAGTGG-1,keep
GTTACGAAGGTCCTGC-1,keep
GTTACGACAGCTTTGA-1,keep
GTTACGAGTTCGGTCG-1,keep
GTTACGATCACGGGCT-1,keep
GTTACGATCCGATGCG-1,keep
GTTACGATCGAGCCAC-1,keep
GTTAGACAGTCACGAG-1,keep
GTTAGACAGTCGAATA-1,keep
GTTAGACGTAAGCAAT-1,keep
GTTAGACGTGGTCCCA-1,keep
GTTAGACGTTTACGTG-1,keep
GTTAGACTCCGGCTTT-1,keep
GTTAGTGGTACGCGTC-1,keep
GTTAGTGGTACTGAGG-1,keep
GTTAGTGGTATCCCAA-1,keep
GTTAGTGGTCACCTTC-1,keep
GTTAGTGGTCTACATG-1,keep
GTTATGGGTTATGGTC-1,keep
GTTATGGTCAGCTGTA-1,keep
GTTCATTAGAAGGGAT-1,keep
GTTCATTAGGGTTAAT-1,keep
GTTCATTAGTGCAGCA-1,keep
GTTCATTGTAAGATAC-1,keep
GTTCATTGTTCTTCAT-1,keep
GTTCCGTGTGGCAACA-1,keep
GTTCCGTTCATTCCTA-1,keep
GTTCCGTTCGCTGACG-1,keep
GTTCGCTGTCGTTATG-1,keep
GTTCGCTTCTCATAGG-1,keep
GTTCTATAGACATGCG-1,keep
GTTCTATAGCTGGCTC-1,keep
GTTCTATCAAACGTGG-1,keep
GTTCTATGTACCTTCC-1,keep
GTTCTATGTAGATGTA-1,keep
GTTCTATGTCTACATG-1,keep
GTTCTATGTGACGCCT-1,keep
GTTCTATGTTCTCACC-1,keep
GTTCTATTCTCAGTCC-1,keep
GTTCTATTCTTCGATT-1,keep
GTTGAACAGTGCACTT-1,keep
GTTGAACCAATGAGCG-1,keep
GTTGAACGTGCGTGCT-1,keep
GTTGAACGTGGCAACA-1,keep
GTTGAACTCGCTGATA-1,keep
GTTGCGGCAACGTAAA-1,keep
GTTGCGGCAGACTCTA-1,keep
GTTGCTCAGAGCAGAA-1,keep
GTTGCTCCAATCGCGC-1,keep
GTTGCTCCAGTGACCC-1,keep
GTTGCTCGTCGCTTGG-1,keep
GTTGTAGAGAGCAGAA-1,keep
GTTGTAGAGGAAAGGT-1,keep
GTTGTAGAGGTAGATT-1,keep
GTTGTAGCACGGTCTG-1,keep
GTTGTAGCAGTAGATA-1,keep
GTTGTAGGTGGTCTAT-1,keep
GTTGTAGTCTACCCAC-1,keep
GTTGTCCAGCATTTCG-1,keep
GTTGTCCAGTAGACAT-1,keep
GTTGTCCCATGAAGGC-1,keep
GTTGTCCGTACTAACC-1,keep
GTTGTCCGTGTCGCTG-1,keep
GTTGTCCTCGGTAACT-1,keep
GTTGTCCTCTTCGATT-1,keep
GTTGTGAAGCTAAATG-1,keep
GTTGTGAAGCTCAGAG-1,keep
GTTGTGACAACAACAA-1,keep
GTTGTGACAGTGCCTG-1,keep
GTTGTGACATTCGGGC-1,keep
GTTGTGAGTATTCTCT-1,keep
GTTGTGATCCGCTAGG-1,keep
GTTGTGATCGTCAAAC-1,keep
GTTGTGATCTATGTGG-1,keep
GTTTACTAGACTCTAC-1,keep
GTTTACTAGTACGTCT-1,keep
GTTTACTAGTCGGCCT-1,keep
GTTTACTCAGAGGTAC-1,keep
GTTTACTGTCAAAGCG-1,keep
GTTTACTGTGGTCTCG-1,keep
GTTTGGAAGTAGACAT-1,keep
GTTTGGACATATAGCC-1,keep
GTTTGGACATGGCCCA-1,keep
GTTTGGAGTCCACTTC-1,keep
TAACACGAGCCATTGT-1,keep
TAACACGAGGAGACCT-1,keep
TAACACGGTGTTACAC-1,keep
TAACACGGTTGCGTAT-1,keep
TAACACGTCCACACAA-1,keep
TAACCAGCACCCAATA-1,keep
TAACCAGCAGAACTTC-1,keep
TAACCAGGTATCCCAA-1,keep
TAACGACCAACACAAA-1,keep
TAACGACCAAGTTGGG-1,keep
TAACGACCAGAGCCCT-1,keep
TAACGACGTCCTGAAT-1,keep
TAACGACGTTCTCCTG-1,keep
TAACGACGTTTGGGAG-1,keep
TAACGACTCGGCTATA-1,keep
TAACTTCAGACATAGT-1,keep
TAACTTCCACGACAGA-1,keep
TAACTTCCAGTTAGGG-1,keep
TAACTTCGTAACCCTA-1,keep
TAACTTCGTAAGCTCT-1,keep
TAACTTCGTATTTCGG-1,keep
TAACTTCTCAAGGTGG-1,keep
TAACTTCTCGCCATAA-1,keep
TAACTTCTCTAGTTCT-1,keep
TAAGCACCACATGTTG-1,keep
TAAGCACTCGCAGAGA-1,keep
TAAGCACTCGGTGTTA-1,keep
TAAGCCACACGGTGAA-1,keep
TAAGCCACAGGACGAT-1,keep
TAAGCCAGTACAAGCG-1,keep
TAAGCCAGTACTTCCC-1,keep
TAAGCCATCACAGAGG-1,keep
TAAGCGTGTTCTCACC-1,keep
TAAGCGTTCGCGATCG-1,keep
TAAGTCGAGACTTCGT-1,keep
TAAGTCGAGCGCCGTT-1,keep
TAAGTCGAGGCATCTT-1,keep
TAAGTCGCACAGCGCT-1,keep
TAAGTCGCAGACAATA-1,keep
TAAGTCGCAGTCACGC-1,keep
TAATCTCAGGACGGAG-1,keep
TAATCTCAGGATTCAA-1,keep
TAATCTCAGGTACCTT-1,keep
TAATCTCCACGGATCC-1,keep
TAATCTCCAGGATTCT-1,keep
TAATCTCGTAGAGATT-1,keep
TAATCTCGTGACCTGC-1,keep
TAATCTCGTGGACCTC-1,keep
TAATCTCGTGGCTAGA-1,keep
TAATCTCTCTACTATC-1,keep
TAATTCCAGTCTGGAG-1,keep
TAATTCCCACAGACGA-1,keep
TAATTCCCAGCTGAGA-1,keep
TAATTCCCAGGTTCCG-1,keep
TAATTCCGTCCGATCG-1,keep
TAATTCCGTTCGGGTC-1,keep
TACAACGAGCATGGGT-1,keep
TACAACGCAAATCCCA-1,keep
TACAACGCACAATGTC-1,keep
TACAACGCAGATTAAG-1,keep
TACAACGCAGGCACAA-1,keep
TACAACGGTTAAGAAC-1,keep
TACAACGGTTCCTAGA-1,keep
TACAACGTCCGTTGAA-1,keep
TACACCCCACACCGAC-1,keep
TACACCCTCAAGCCAT-1,keep
TACAGGTCACACCGAC-1,keep
TACAGGTCATCCTTCG-1,keep
TACAGGTCATGACCCG-1,keep
TACAGGTGTCTCGCGA-1,keep
TACAGGTTCGGTCACG-1,keep
TACATTCAGTGCTACT-1,keep
TACATTCCACTTTATC-1,keep
TACATTCCATGGCCAC-1,keep
TACATTCGTTCAGCTA-1,keep
TACATTCTCGGAATGG-1,keep
TACATTCTCTATCGTT-1,keep
TACCCACAGGCACCAA-1,keep
TACCCACCAGAGGTAC-1,keep
TACCCACCAGGCCTGT-1,keep
TACCCGTAGACAGCGT-1,keep
TACCCGTCAGCTTTGA-1,keep
TACCCGTCAGTCAGTT-1,keep
TACCCGTCATCTTCGC-1,keep
TACCCGTGTCGGTGTC-1,keep
TACCCGTGTGACTGTT-1,keep
TACCCGTTCAAGGAGC-1,keep
TACCGAAGTAAGTAGT-1,keep
TACCGAAGTACATTGC-1,keep
TACCGAATCGAGAAGC-1,keep
TACCGAATCGCAACAT-1,keep
TACCGAATCGGCTCTT-1,keep
TACCGGGAGATAGGGA-1,keep
TACCGGGAGTTTGGCT-1,keep
TACCGGGCAACTGCCG-1,keep
TACCGGGCACAAAGCG-1,keep
TACCGGGCACAAATAG-1,keep
TACCGGGCACACGTGC-1,keep
TACCGGGCACGACAAG-1,keep
TACCGGGCAGAGGCTA-1,keep
TACCGGGCATAACAGA-1,keep
TACCGGGGTTGAGTCT-1,keep
TACCTCGAGCAGCACA-1,keep
TACCTCGCACGCGTGT-1,keep
TACCTCGCATACAGGG-1,keep
TACCTCGGTTCTATCT-1,keep
TACCTGCAGATTGATG-1,keep
TACCTGCAGCTCGCAC-1,keep
TACCTGCGTCAGTTTG-1,keep
TACCTGCTCACGGACC-1,keep
TACCTGCTCCATAGAC-1,keep
TACCTGCTCCCAACTC-1,keep
TACGCTCAGTCACGCC-1,keep
TACGCTCCAACACAGG-1,keep
TACGCTCGTGAGTCAG-1,keep
TACGCTCGTGATGAAT-1,keep
TACGCTCGTTGGGCCT-1,keep
TACGCTCTCCTGGCTT-1,keep
TACGGGCCAACTTGGT-1,keep
TACGGGCCACTTCAAG-1,keep
TACGGGCCAGTGGGTA-1,keep
TACGGGCGTAGACACG-1,keep
TACGGGCGTCCGAAAG-1,keep
TACGGGCTCATTTGCT-1,keep
TACGGTAAGAAGCGAA-1,keep
TACGGTAAGGGACACT-1,keep
TACGGTATCTATACGG-1,keep
TACGGTATCTCACTCG-1,keep
TACGTCCAGACCCTTA-1,keep
TACGTCCAGCAGCCCT-1,keep
TACGTCCAGCATTTCG-1,keep
TACGTCCAGGTAGCCA-1,keep
TACGTCCCAGAACGCA-1,keep
TACGTCCGTATTAAGG-1,keep
TACTGCCAGACTGTTC-1,keep
TACTGCCAGTTTGAGA-1,keep
TACTGCCGTATCGCAT-1,keep
TACTGCCGTCCACAGC-1,keep
TACTTACTCCGCACGA-1,keep
TACTTCAAGCCTGAGA-1,keep
TACTTCACAGAGAATT-1,keep
TACTTGTAGAACTCCT-1,keep
TACTTGTGTCATGCAT-1,keep
TACTTGTGTCCCGTGA-1,keep
TACTTGTTCCTCATAT-1,keep
TACTTGTTCGATCCAA-1,keep
TAGACCACATGTGACT-1,keep
TAGACCACATTGAAGA-1,keep
TAGACTGAGGCCTAGA-1,keep
TAGACTGAGTGATCGG-1,keep
TAGACTGCAACCCTCT-1,keep
TAGACTGCAGGCTACC-1,keep
TAGAGTCAGCTTGTTG-1,keep
TAGAGTCCACATCATG-1,keep
TAGAGTCGTAGGAAAG-1,keep
TAGAGTCGTCATGACT-1,keep
TAGAGTCTCAGAGCAG-1,keep
TAGATCGAGTTGAATG-1,keep
TAGATCGCACAACATC-1,keep
TAGATCGCAGGACTAG-1,keep
TAGATCGGTGGTAATA-1,keep
TAGATCGGTGGTCAAG-1,keep
TAGCACACAAACTAGA-1,keep
TAGCACACACTAGGTT-1,keep
TAGCACACAGTAGTTC-1,keep
TAGCACACATAATCCG-1,keep
TAGCACAGTCCGAAAG-1,keep
TAGCACAGTCTTCAAG-1,keep
TAGCACATCCCATGGG-1,keep
TAGCACATCGCCGATG-1,keep
TAGCACATCTACTTCA-1,keep
TAGGAGGCATCGGATT-1,keep
TAGGAGGGTCAACCAT-1,keep
TAGGAGGGTCTAGTGT-1,keep
TAGGAGGGTGGCACTC-1,keep
TAGGAGGTCAGGTAAA-1,keep
TAGGAGGTCCTCTCGA-1,keep
TAGGAGGTCTCAGGCG-1,keep
TAGGGTTAGAGCCATG-1,keep
TAGGGTTAGCATTGTC-1,keep
TAGGGTTAGCGTATAA-1,keep
TAGGGTTAGGAGTCTG-1,keep
TAGGGTTTCCGAGCTG-1,keep
TAGGTACAGTAACGAT-1,keep
TAGGTACGTCAGGTGA-1,keep
TAGGTACGTGCATACT-1,keep
TAGGTACGTGTGTCGC-1,keep
TAGGTACTCGTAGCCG-1,keep
TAGGTTGCAATGTTGC-1,keep
TAGGTTGGTGTCACAT-1,keep
TAGGTTGTCTTCTCAA-1,keep
TAGTGCAAGCAACTCT-1,keep
TATACCTTCTTACCAT-1,keep
TATATCCAGCCGCTTG-1,keep
TATATCCAGTGTTGTC-1,keep
TATATCCCAAGACTGG-1,keep
TATATCCCATCCCACT-1,keep
TATATCCTCAAGAAAC-1,keep
TATATCCTCACGAACT-1,keep
TATCAGGAGAGTCTGG-1,keep
TATCAGGAGATGTTCC-1,keep
TATCAGGCACACCTTC-1,keep
TATCAGGCAGGCAATG-1,keep
TATCAGGGTGCTGATT-1,keep
TATCCTAAGATGAATC-1,keep
TATCCTAGTAGTTACC-1,keep
TATCCTAGTCGCTGCA-1,keep
TATCGCCAGTCCTGCG-1,keep
TATCGCCCAGTTTCAG-1,keep
TATCGCCCATGAATCC-1,keep
TATCGCCCATGTTCAG-1,keep
TATCGCCTCTGCTGAA-1,keep
TATCGCCTCTTTCGAT-1,keep
TATCTGTAGCAACAGC-1,keep
TATCTGTAGCAGATAT-1,keep
TATCTGTAGTAGGGTC-1,keep
TATCTGTCAAGACGGT-1,keep
TATCTGTTCAGGGATG-1,keep
TATCTGTTCATGCCCT-1,keep
TATCTTGAGACATATG-1,keep
TATCTTGAGACCAGCA-1,keep
TATCTTGGTACCAATC-1,keep
TATCTTGGTACCCACG-1,keep
TATCTTGGTAGACGGT-1,keep
TATCTTGGTTGTGCCG-1,keep
TATGTTCCAGACCATT-1,keep
TATGTTCCAGCTGAGA-1,keep
TATGTTCCAGCTGTAT-1,keep
TATGTTCCATTGTAGC-1,keep
TATGTTCGTTGTGGAG-1,keep
TATGTTCTCAACGTGT-1,keep
TATGTTCTCAATGCAC-1,keep
TATTCCACAAGCGCAA-1,keep
TATTCCATCGATTGGT-1,keep
TATTGCTAGAATAACC-1,keep
TATTGCTAGTCATACC-1,keep
TATTGCTCAAAGCTAA-1,keep
TATTGCTCAAATGGTA-1,keep
TATTGCTCAGTGAGCA-1,keep
TATTGCTGTGGCTTAT-1,keep
TATTGCTTCCTAGAGT-1,keep
TATTGGGCATGGAAGC-1,keep
TATTGGGGTTGCTCCT-1,keep
TATTGGGTCCCATGGG-1,keep
TATTTCGAGACTACCT-1,keep
TATTTCGAGCGACATG-1,keep
TATTTCGCATCTCAAG-1,keep
TATTTCGTCACCCTGT-1,keep
TATTTCGTCGAGATGG-1,keep
TATTTCGTCGCTACAA-1,keep
TATTTCGTCGCTGCGA-1,keep
TCAAGACAGCATTTGC-1,keep
TCAAGCACACCCATAA-1,keep
TCAAGCATCGAGAAGC-1,keep
TCAAGCATCTTTCCAA-1,keep
TCAAGTGCAATGGCCC-1,keep
TCAAGTGCAGAGCCCT-1,keep
TCAAGTGGTCCTGTCT-1,keep
TCAAGTGGTCTCGACG-1,keep
TCAAGTGGTTTGATCG-1,keep
TCAAGTGTCATCTGTT-1,keep
TCAAGTGTCCGTTTCG-1,keep
TCAAGTGTCTCAAAGC-1,keep
TCAATCTAGATACTGA-1,keep
TCAATCTAGCCTATTG-1,keep
TCAATCTGTATTTCCT-1,keep
TCAATCTGTTCCGCAG-1,keep
TCAATCTTCACCTCGT-1,keep
TCAATTCAGGCCTTGC-1,keep
TCAATTCGTGTCCAAT-1,keep
TCAATTCTCGACGATT-1,keep
TCAATTCTCTCCGTGT-1,keep
TCACAAGAGCGCAATG-1,keep
TCACAAGAGCGGACAT-1,keep
TCACAAGAGGCGAAGG-1,keep
TCACAAGCATTACGGT-1,keep
TCACAAGCATTGCCGG-1,keep
TCACAAGGTACCCACG-1,keep
TCACAAGTCTCAATCT-1,keep
TCACACCCAATAGAGT-1,keep
TCACACCTCCCTTGTG-1,keep
TCACACCTCGCTTTAT-1,keep
TCACATTAGTATGTAG-1,keep
TCACATTAGTGGTTAA-1,keep
TCACATTCATGCAGCC-1,keep
TCACATTGTGCCGTTG-1,keep
TCACATTGTGTCCTAA-1,keep
TCACATTGTGTTTACG-1,keep
TCACATTTCGATCCCT-1,keep
TCACGCTCAAGTGACG-1,keep
TCACGGGCACTGCTTC-1,keep
TCACGGGCAGACGGAT-1,keep
TCACGGGTCCTTGAAG-1,keep
TCACTATCAGCACGAA-1,keep
TCACTATGTGGCAGAT-1,keep
TCACTATTCCCGTTGT-1,keep
TCACTATTCCGTGTCT-1,keep
TCACTCGAGAATAGTC-1,keep
TCACTCGAGACAGCGT-1,keep
TCACTCGAGTCACGAG-1,keep
TCACTCGCAAGTGCAG-1,keep
TCACTCGCACGTGAGA-1,keep
TCACTCGGTACGCTAT-1,keep
TCACTCGGTAGAGACC-1,keep
TCACTCGGTGACAGGT-1,keep
TCACTCGTCAGATGCT-1,keep
TCAGCAAAGCATTGAA-1,keep
TCAGCAAAGTTCATCG-1,keep
TCAGCAAGTCCTACAA-1,keep
TCAGCAATCGACGTCG-1,keep
TCAGCAATCTTGGATG-1,keep
TCAGCCTAGGGCGAGA-1,keep
TCAGCCTCACGGGCTT-1,keep
TCAGCCTTCACCTCAC-1,keep
TCAGGGCAGCGACATG-1,keep
TCAGGGCAGCGATGCA-1,keep
TCAGGGCAGTAGGAAG-1,keep
TCAGGGCCACTCAAGT-1,keep
TCAGGGCGTGCTATTG-1,keep
TCAGGGCTCACTAGCA-1,keep
TCAGGTATCCCATGGG-1,keep
TCAGTCCAGATTGATG-1,keep
TCAGTCCAGATTGCGG-1,keep
TCAGTCCAGGCGTTAG-1,keep
TCAGTCCCAACACACT-1,keep
TCAGTCCGTTAAGGAT-1,keep
TCAGTCCGTTTCAGAC-1,keep
TCAGTCCTCTTGAGCA-1,keep
TCAGTGAAGATGCGAC-1,keep
TCAGTGAAGGCATCTT-1,keep
TCAGTGACAAAGCGTG-1,keep
TCAGTGACAGGTCCGT-1,keep
TCAGTGATCCAAGCAT-1,keep
TCAGTGATCCCTCTTT-1,keep
TCAGTTTAGACCGTTT-1,keep
TCAGTTTCACTCAAGT-1,keep
TCAGTTTCATAGAATG-1,keep
TCAGTTTCATTGTCGA-1,keep
TCAGTTTGTATTAAGG-1,keep
TCAGTTTGTGTAAACA-1,keep
TCATACTCAACGTTAC-1,keep
TCATACTCAGGCTATT-1,keep
TCATACTCATGTGCTA-1,keep
TCATACTTCCGGACTG-1,keep
TCATACTTCGTGGGAA-1,keep
TCATACTTCGTTGTAG-1,keep
TCATATCAGAAGCGGG-1,keep
TCATATCGTCAACATC-1,keep
TCATATCTCCTAAGTG-1,keep
TCATCATAGCCTGAGA-1,keep
TCATCATAGTTTGTCG-1,keep
TCATCATCACATAGCT-1,keep
TCATCATGTCAGACGA-1,keep
TCATCATGTGGGTTGA-1,keep
TCATCATTCAACACCA-1,keep
TCATCATTCAACTGAC-1,keep
TCATCATTCCTAGCTC-1,keep
TCATCCGAGCACGGAT-1,keep
TCATCCGAGGTAAAGG-1,keep
TCATCCGAGTAGTCCT-1,keep
TCATCCGCAGCTCTGG-1,keep
TCATCCGTCATTCCTA-1,keep
TCATCCGTCTAGAGCT-1,keep
TCATGAGAGAAGGCTC-1,keep
TCATGAGGTAGATCCT-1,keep
TCATGCCCAAACTCTG-1,keep
TCATGCCCACCTCTGT-1,keep
TCATGCCCACGCTTAA-1,keep
TCATGCCGTACGTACT-1,keep
TCATGCCGTAGGATAT-1,keep
TCATGCCTCGTAGTGT-1,keep
TCATGGAAGCTAGAAT-1,keep
TCATGGACACACACTA-1,keep
TCATGGACACTCCGGA-1,keep
TCATGGACATTGACAC-1,keep
TCATGGATCCAAATGC-1,keep
TCATGGATCGTCAACA-1,keep
TCATGTTAGGCTCTCG-1,keep
TCATGTTCACCCAATA-1,keep
TCATGTTCATACAGCT-1,keep
TCATGTTGTCAATCTG-1,keep
TCATGTTTCATCTGTT-1,keep
TCATGTTTCTGCATGA-1,keep
TCATTACAGACGGAAA-1,keep
TCATTACGTAGCGCTC-1,keep
TCATTACGTGACACAG-1,keep
TCATTACTCCGTGACG-1,keep
TCATTACTCCTTGAAG-1,keep
TCATTACTCGTTCCTG-1,keep
TCATTCAAGCTAAATG-1,keep
TCATTCAAGTACAGCG-1,keep
TCATTCACAAGGGCAT-1,keep
TCATTCACACATTACG-1,keep
TCATTCACAGCATACT-1,keep
TCATTCACAGCATGCC-1,keep
TCATTCAGTATTTCTC-1,keep
TCATTCATCCGCGGAT-1,keep
TCATTGTAGAGGGCGA-1,keep
TCATTGTAGCACCCAC-1,keep
TCATTGTGTACTGCCG-1,keep
TCATTGTGTCCATACA-1,keep
TCATTGTGTCGACTGC-1,keep
TCATTGTTCTCTCTAA-1,keep
TCATTTGCATCGCTGG-1,keep
TCATTTGGTCGCTCGA-1,keep
TCATTTGTCCTGGGTG-1,keep
TCATTTGTCGTTCATT-1,keep
TCCACCAAGTAGACAT-1,keep
TCCACCACACATTCGA-1,keep
TCCACCACACTCAAGT-1,keep
TCCACCAGTCCTTGTC-1,keep
TCCACCAGTGTCTTGA-1,keep
TCCACCATCCTTTGAT-1,keep
TCCACGTAGACCCGCT-1,keep
TCCACGTAGCCATGCC-1,keep
TCCACGTCAGATGCGA-1,keep
TCCACGTGTATTTCTC-1,keep
TCCACGTGTTGCGGCT-1,keep
TCCACGTTCAGTCATG-1,keep
TCCAGAAAGGACAACC-1,keep
TCCAGAAAGGTCACCC-1,keep
TCCAGAATCAAGTGGG-1,keep
TCCAGAATCAGCCCAG-1,keep
TCCAGAATCCGAAGGA-1,keep
TCCAGAATCTCATGGA-1,keep
TCCATCGAGGAATTAC-1,keep
TCCATCGAGGATACAT-1,keep
TCCATCGGTAGTTACC-1,keep
TCCATCGGTCCGGCAT-1,keep
TCCATCGTCGCTAGCG-1,keep
TCCATCGTCTCCGAGG-1,keep
TCCATCGTCTGTTCAT-1,keep
TCCATGCCACCGTCTT-1,keep
TCCATGCTCCGCACGA-1,keep
TCCCACAAGGAAGTGA-1,keep
TCCCACAAGGGTCACA-1,keep
TCCCACAGTGCTGCAC-1,keep
TCCCACATCAGACAAA-1,keep
TCCCACATCTTCCCAG-1,keep
TCCCAGTAGAAGCTGC-1,keep
TCCCAGTAGTTGGAGC-1,keep
TCCCAGTCAACACGAG-1,keep
TCCCAGTGTAGGTAGC-1,keep
TCCCATGCATGTCGTA-1,keep
TCCCATGTCAACGAGG-1,keep
TCCCATGTCAAGGAGC-1,keep
TCCCATGTCAGCGCGT-1,keep
TCCGAAAAGAATTGCA-1,keep
TCCGAAACAAACTAGA-1,keep
TCCGAAACAAATCAAG-1,keep
TCCGAAAGTAGGATAT-1,keep
TCCGAAATCGCTGCGA-1,keep
TCCGAAATCGCTTGAA-1,keep
TCCGAAATCTCGCGTT-1,keep
TCCGATCAGACCGTTT-1,keep
TCCGATCGTACCAGAG-1,keep
TCCGATCGTCCAAGAG-1,keep
TCCGATCGTGGACTAG-1,keep
TCCGATCGTTCTAAGC-1,keep
TCCGATCTCACGATAC-1,keep
TCCGGGAAGGAACGAA-1,keep
TCCGGGAGTACCCGAC-1,keep
TCCGGGAGTCCATACA-1,keep
TCCGGGAGTTGGCCTG-1,keep
TCCGGGATCTGTTGGA-1,keep
TCCGTGTCAGAACCGA-1,keep
TCCGTGTGTATCGCTA-1,keep
TCCGTGTGTATCGTGT-1,keep
TCCGTGTGTCGTCAGC-1,keep
TCCGTGTTCTATACGG-1,keep
TCCGTGTTCTGCGAGC-1,keep
TCCGTGTTCTTCACGC-1,keep
TCCTAATCACAAATCC-1,keep
TCCTAATCACTATGTG-1,keep
TCCTAATGTAGGTACG-1,keep
TCCTAATGTGTCACAT-1,keep
TCCTAATGTTGTTGTG-1,keep
TCCTCCCCAGTCAGTT-1,keep
TCCTCCCCATCGAAGG-1,keep
TCCTCCCGTTGAGTCT-1,keep
TCCTCCCTCATCCCGT-1,keep
TCCTCGAAGCTGTTCA-1,keep
TCCTCGAAGTTGGAGC-1,keep
TCCTCGACATTGGGAG-1,keep
TCCTCGAGTAACGGTG-1,keep
TCCTCGATCTCTTCAA-1,keep
TCCTCTTGTATCGAGG-1,keep
TCCTCTTGTCAACGCC-1,keep
TCCTCTTTCGCATGAT-1,keep
TCCTCTTTCGTTCTAT-1,keep
TCCTGCAAGAATTTGG-1,keep
TCCTGCACAAAGGGCT-1,keep
TCCTGCACACTGGCGT-1,keep
TCCTGCAGTTAAACCC-1,keep
TCCTGCATCATCGCCT-1,keep
TCCTGCATCTGTGCAA-1,keep
TCCTTCTAGACACACG-1,keep
TCCTTCTAGAGCCGTA-1,keep
TCCTTCTCAATGAACA-1,keep
TCCTTCTGTAGAGCTG-1,keep
TCCTTCTGTTACTCAG-1,keep
TCCTTCTTCTCATTGT-1,keep
TCCTTTCAGCGGGTAT-1,keep
TCCTTTCCATCACCAA-1,keep
TCCTTTCTCCTTCAGC-1,keep
TCGAACAGTGTTACTG-1,keep
TCGAACAGTTTCACAG-1,keep
TCGAACATCTTGGAAC-1,keep
TCGAAGTAGACGATAT-1,keep
TCGAAGTAGAGTTGTA-1,keep
TCGAAGTAGCCTATCA-1,keep
TCGAAGTCAATTCTTC-1,keep
TCGAAGTCACATATCG-1,keep
TCGAAGTCATGCGGTC-1,keep
TCGAAGTGTCGTAATC-1,keep
TCGACCTGTCAGCGTC-1,keep
TCGACCTGTGCCCTTT-1,keep
TCGACCTGTGGAATGC-1,keep
TCGACCTGTTGACTAC-1,keep
TCGACCTTCCTGGGTG-1,keep
TCGACGGCACAATGTC-1,keep
TCGACGGGTTGTATGC-1,keep
TCGACGGTCCCTATTA-1,keep
TCGATTTAGACTGGGT-1,keep
TCGATTTCAAGTTGGG-1,keep
TCGATTTCACAATTCG-1,keep
TCGATTTGTAGACGGT-1,keep
TCGATTTGTGCACAAG-1,keep
TCGATTTGTGCGTCGT-1,keep
TCGATTTGTTCCCACT-1,keep
TCGATTTTCCTGGTCT-1,keep
TCGATTTTCGCCTATC-1,keep
TCGATTTTCGTGGGTC-1,keep
TCGCACTAGTCGAATA-1,keep
TCGCACTGTCTCTCAC-1,keep
TCGCTCAAGACATCAA-1,keep
TCGCTCAAGTAGGGTC-1,keep
TCGCTCACACGATAGG-1,keep
TCGCTCAGTAGGCTGA-1,keep
TCGCTCAGTCTTGAGT-1,keep
TCGCTCAGTTGGTAGG-1,keep
TCGCTCATCGAGAGAC-1,keep
TCGCTTGCACAGCATT-1,keep
TCGCTTGCACGGCACT-1,keep
TCGCTTGGTTACCCAA-1,keep
TCGGATAAGCCTTTGA-1,keep
TCGGATAAGCTCATAC-1,keep
TCGGATAGTAGAATAC-1,keep
TCGGATAGTCTAACTG-1,keep
TCGGATAGTGTCTTAG-1,keep
TCGGGACAGCATTGTC-1,keep
TCGGGACAGCTGTACT-1,keep
TCGGGACGTGAATAAC-1,keep
TCGGGACGTTCAGGTT-1,keep
TCGGGACTCCGTGACG-1,keep
TCGGGCAAGATGGGCT-1,keep
TCGGGCACAAATGGCG-1,keep
TCGGGCACAATGAACA-1,keep
TCGGGCAGTTGGTAGG-1,keep
TCGGGCATCCGCAACG-1,keep
TCGGGCATCTTACGGA-1,keep
TCGGGTGAGCTATCCA-1,keep
TCGGGTGAGTCCGTCG-1,keep
TCGGGTGCACCTATCC-1,keep
TCGGGTGGTAGCACAG-1,keep
TCGGGTGTCGATTGAC-1,keep
TCGGTCTTCGGCTGAC-1,keep
TCGTAGAAGGAAAGGT-1,keep
TCGTAGACAGTGTACT-1,keep
TCGTAGATCAGCGTCG-1,keep
TCGTAGATCATAGCAC-1,keep
TCGTAGATCCTGTACC-1,keep
TCGTCCAAGCACTCAT-1,keep
TCGTCCAAGGATGGCT-1,keep
TCGTCCACATCCCACT-1,keep
TCGTCCATCAACCGAT-1,keep
TCGTCCATCGCTACAA-1,keep
TCGTCCATCGGCGATC-1,keep
TCGTCCATCTGTGCGG-1,keep
TCGTGCTAGACGGAAA-1,keep
TCGTGCTAGGAGTATT-1,keep
TCGTGCTAGGCCTTCG-1,keep
TCGTGCTAGTCCTGCG-1,keep
TCGTGCTAGTCTAACC-1,keep
TCGTGCTCAAGTATCC-1,keep
TCGTGCTGTCGTCGGT-1,keep
TCGTGCTTCACGGAGA-1,keep
TCGTGCTTCGCGGTAC-1,keep
TCGTGCTTCTCGACCT-1,keep
TCGTGGGAGTTGTAGA-1,keep
TCGTGGGCAGAGTTGG-1,keep
TCGTGGGCAGGCATTT-1,keep
TCGTGGGGTCGCCTAG-1,keep
TCGTGGGGTGGCTCTG-1,keep
TCTAACTAGCTGCGAA-1,keep
TCTAACTCAACACAAA-1,keep
TCTAACTCAACTGTGT-1,keep
TCTAACTCAGCAGGAT-1,keep
TCTAACTGTATCGTGT-1,keep
TCTAACTGTCCAGAAG-1,keep
TCTACATCATACTGTG-1,keep
TCTACATGTGGGTCAA-1,keep
TCTACATTCGTGCGAC-1,keep
TCTACATTCTACACTT-1,keep
TCTACCGCACCCATAA-1,keep
TCTACCGCACGATTCA-1,keep
TCTACCGCAGAACTCT-1,keep
TCTACCGCAGGTCAAG-1,keep
TCTACCGGTGGACAGT-1,keep
TCTACCGGTGGCTCTG-1,keep
TCTATACAGTGTCATC-1,keep
TCTATACCACCCTGAG-1,keep
TCTATACCACCTAAAC-1,keep
TCTATCAAGTGATGGC-1,keep
TCTATCATCGAGATAA-1,keep
TCTCACGAGATGCTTC-1,keep
TCTCACGCAATAAGGT-1,keep
TCTCACGCATAGCTGT-1,keep
TCTCACGGTCTTGCTC-1,keep
TCTCACGGTTGCCGCA-1,keep
TCTCACGTCTCCACTG-1,keep
TCTCACGTCTCTGAGA-1,keep
TCTCAGCCACTATGTG-1,keep
TCTCAGCCATCCCACT-1,keep
TCTCCGAAGACCCGCT-1,keep
TCTCCGAAGGTTGGAC-1,keep
TCTCCGACAGAGAGGG-1,keep
TCTCCGATCCACATAG-1,keep
TCTCCGATCCTACTGC-1,keep
TCTCTGGAGCATCCTA-1,keep
TCTCTGGCATCGCCTT-1,keep
TCTGCCACACCGTGAC-1,keep
TCTGCCACACTACCGG-1,keep
TCTGCCACAGACCTAT-1,keep
TCTGCCAGTCAACACT-1,keep
TCTGCCAGTCGTGCCA-1,keep
TCTGCCAGTGCGTGCT-1,keep
TCTGCCAGTTAGCGGA-1,keep
TCTGCCATCCATGATG-1,keep
TCTGGCTAGATTCGAA-1,keep
TCTGGCTCAGGAACCA-1,keep
TCTGGCTTCCTAGCTC-1,keep
TCTGGCTTCGGATACT-1,keep
TCTGGCTTCTTGATTC-1,keep
TCTGTCGGTACCCACG-1,keep
TCTGTCGGTCTTCATT-1,keep
TCTGTCGTCTTCGTAT-1,keep
TCTTAGTAGCACCTGC-1,keep
TCTTAGTAGGTTTACC-1,keep
TCTTAGTAGTTCCAGT-1,keep
TCTTAGTCAAACTGCT-1,keep
TCTTAGTCAGAGTGTG-1,keep
TCTTAGTCAGCCCACA-1,keep
TCTTAGTTCGCCCAGA-1,keep
TCTTAGTTCTCCAATT-1,keep
TCTTCCTAGCGCGTTC-1,keep
TCTTCCTAGGGATCAC-1,keep
TCTTCCTAGGTTACCT-1,keep
TCTTCCTAGTGGACTG-1,keep
TCTTCCTGTACCGGAA-1,keep
TCTTCCTGTATACGGG-1,keep
TCTTCCTGTCTTCTAT-1,keep
TCTTCCTTCTCCACTG-1,keep
TCTTCCTTCTGTCTCG-1,keep
TCTTGCGAGCTACTGT-1,keep
TCTTGCGAGGGCAACT-1,keep
TCTTGCGAGGTATCTC-1,keep
TCTTGCGCAAATGATG-1,keep
TCTTGCGGTGTAACGG-1,keep
TCTTGCGTCGCCAACG-1,keep
TCTTGCGTCTCAACGA-1,keep
TCTTTGACAGCAGTGA-1,keep
TCTTTGACAGTCGGTC-1,keep
TCTTTGAGTGCATGAG-1,keep
TGAACGTCAGGAATAT-1,keep
TGAACGTCATGTGACT-1,keep
TGAATCGAGACCATAA-1,keep
TGAATCGAGTCAGAGC-1,keep
TGAATCGCAAGCCATT-1,keep
TGAATCGCAGCCGTTG-1,keep
TGAATGCAGCGCCCAT-1,keep
TGAATGCAGGTTAGTA-1,keep
TGACAGTAGGCACTCC-1,keep
TGACAGTAGTGATGGC-1,keep
TGACAGTGTCATCCGG-1,keep
TGACAGTTCCATTCAT-1,keep
TGACAGTTCCCTCGAT-1,keep
TGACCCTAGTTGTAGA-1,keep
TGACCCTCAGATGCGA-1,keep
TGACCCTGTATCCTCC-1,keep
TGACCCTTCAGGAAAT-1,keep
TGACGCGAGAGTTGCG-1,keep
TGACGCGCACTAACCA-1,keep
TGACGCGCATGTCAGT-1,keep
TGACGCGGTGCGTTTA-1,keep
TGACGCGTCATTTGTC-1,keep
TGACTCCAGCATGAAT-1,keep
TGACTCCAGGTCGTAG-1,keep
TGACTCCTCATCGTAG-1,keep
TGACTCCTCCATTTAC-1,keep
TGACTCCTCGCAATTG-1,keep
TGAGACTAGCTACGTT-1,keep
TGAGACTTCATAAGGA-1,keep
TGAGCATAGGCGCTTC-1,keep
TGAGCATAGGGCAAGG-1,keep
TGAGCATGTCCGGTGT-1,keep
TGAGCATGTTGTGCCG-1,keep
TGAGCGCCACTTGACA-1,keep
TGAGCGCGTAGGTGCA-1,keep
TGAGGAGAGCAACTCT-1,keep
TGAGGAGAGTGAGTTA-1,keep
TGAGGAGCACAGCGCT-1,keep
TGAGGAGCAGAGTTCT-1,keep
TGAGGGAAGAGAGGGC-1,keep
TGAGGGAAGCGTGCTC-1,keep
TGAGGGAAGCTACTAC-1,keep
TGAGGGACACCGTGGT-1,keep
TGAGGGAGTGCGGATA-1,keep
TGAGGGAGTTAAGCAA-1,keep
TGAGGGAGTTTGTGGT-1,keep
TGAGGGATCAAACCTG-1,keep
TGAGGGATCCACATAG-1,keep
TGAGGGATCCGTTGAA-1,keep
TGAGGGATCGAGTGGA-1,keep
TGAGGTTAGACATATG-1,keep
TGAGGTTAGAGAGCGG-1,keep
TGAGGTTAGGAAGAAC-1,keep
TGAGGTTCAAATCCCA-1,keep
TGAGGTTGTCCGAAAG-1,keep
TGAGGTTGTGATTGGG-1,keep
TGAGGTTGTGGATTTC-1,keep
TGAGGTTGTGGCTGAA-1,keep
TGAGGTTGTGGTCTCG-1,keep
TGAGGTTTCCCGAGTG-1,keep
TGAGGTTTCGGCCTTT-1,keep
TGAGTCATCGACGCTG-1,keep
TGAGTCATCGTCAAAC-1,keep
TGAGTCATCGTGAGAG-1,keep
TGATCAGAGCTACGTT-1,keep
TGATCAGAGCTTCTAG-1,keep
TGATCAGTCGACATTG-1,keep
TGATCAGTCGCTTAAG-1,keep
TGATCTTAGAGTTGCG-1,keep
TGATCTTGTCTGTGCG-1,keep
TGATCTTGTTCTATCT-1,keep
TGATCTTTCATCCTGC-1,keep
TGATCTTTCTCAAAGC-1,keep
TGATGCAAGTCTTCGA-1,keep
TGATGCACATTGCCTC-1,keep
TGATGCAGTACTAAGA-1,keep
TGATGCAGTAGCACGA-1,keep
TGATGCAGTATACAGA-1,keep
TGATGCAGTGGTCTCG-1,keep
TGATGCAGTGGTGATG-1,keep
TGATGCATCATGCATG-1,keep
TGATGCATCCTATGGA-1,keep
TGATGGTAGCGTGTTT-1,keep
TGATGGTAGCTCTATG-1,keep
TGATGGTCAGCTCATA-1,keep
TGATGGTGTCAGACGA-1,keep
TGATGGTGTGCCCTTT-1,keep
TGATGGTGTGTACAGG-1,keep
TGATGGTGTTTACACG-1,keep
TGATGGTTCGTTCATT-1,keep
TGATGGTTCTGTAACG-1,keep
TGATTCTCAGTCAACT-1,keep
TGATTCTGTGCCCGTA-1,keep
TGATTCTGTTCCGGTG-1,keep
TGATTCTTCCCGTTGT-1,keep
TGATTCTTCGATAACC-1,keep
TGATTTCAGAGTGAAG-1,keep
TGATTTCCATTGCTTT-1,keep
TGATTTCGTCGAGCAA-1,keep
TGATTTCGTGTTGCCG-1,keep
TGATTTCGTTAGTCGT-1,keep
TGATTTCGTTTGGAGG-1,keep
TGATTTCTCATTGTTC-1,keep
TGATTTCTCCGTATAG-1,keep
TGATTTCTCCTGCTAC-1,keep
TGCACGGAGCTCATAC-1,keep
TGCAGATCACAGAAGC-1,keep
TGCAGATCACCGTGGT-1,keep
TGCAGATGTACTGACT-1,keep
TGCAGGCAGGCTTAGG-1,keep
TGCAGGCAGTAGGTTA-1,keep
TGCAGGCCACGAGGTA-1,keep
TGCAGGCGTACGACAG-1,keep
TGCAGGCGTCAAGCCC-1,keep
TGCAGGCGTCTCGGAC-1,keep
TGCAGGCTCACTGGGC-1,keep
TGCAGTAAGACTACCT-1,keep
TGCAGTAAGAGGTTTA-1,keep
TGCAGTAAGATAGGGA-1,keep
TGCAGTAAGCCGATAG-1,keep
TGCAGTAAGCCGATCC-1,keep
TGCAGTAAGTGAGTGC-1,keep
TGCAGTAAGTGCAGCA-1,keep
TGCAGTAAGTTCTCTT-1,keep
TGCAGTACAGTGGCTC-1,keep
TGCAGTACAGTGGTGA-1,keep
TGCAGTACATGGAAGC-1,keep
TGCAGTAGTCAGCGTC-1,keep
TGCAGTAGTTCGTAAC-1,keep
TGCAGTATCTCGCGTT-1,keep
TGCATCCAGAGCAGTC-1,keep
TGCATCCGTCTACTGA-1,keep
TGCATGAGTAGCGCCT-1,keep
TGCATGATCCACACCT-1,keep
TGCATGATCCTAGAGT-1,keep
TGCCGAGCACCCTTAC-1,keep
TGCCGAGGTAGGCTCC-1,keep
TGCCGAGGTCATATGC-1,keep
TGCCGAGGTCGTACAT-1,keep
TGCCGAGTCCGTATGA-1,keep
TGCGACGAGGTTGACG-1,keep
TGCGACGAGTCTTCCC-1,keep
TGCGACGCAAGAGTTA-1,keep
TGCGACGCAGCGCTTG-1,keep
TGCGACGCATTGCCGG-1,keep
TGCGACGGTAGACTGG-1,keep
TGCGACGGTCGTTCAA-1,keep
TGCGATATCATGGCCG-1,keep
TGCGATATCTCTAGGA-1,keep
TGCGATATCTCTGACC-1,keep
TGCGGCAAGGTGGTTG-1,keep
TGCGGCACAGCAGAAC-1,keep
TGCGGCATCCTTACCG-1,keep
TGCGGGTAGCATCCTA-1,keep
TGCGGGTAGCGTGAGT-1,keep
TGCGGGTCAAACTCGT-1,keep
TGCGGGTCAATGCTCA-1,keep
TGCGGGTGTCAGTCCG-1,keep
TGCGGGTGTGTAAATG-1,keep
TGCGGGTTCATCTCTA-1,keep
TGCGGGTTCTCGACGG-1,keep
TGCTCCAAGAGCTTTC-1,keep
TGCTCCAAGATTTGCC-1,keep
TGCTCCACAATTCACG-1,keep
TGCTCCACAGGAACCA-1,keep
TGCTCCAGTCGTTGCG-1,keep
TGCTCCATCATTGCCC-1,keep
TGCTCGTAGCGTCTCG-1,keep
TGCTCGTAGGCCACTC-1,keep
TGCTCGTAGGGTTTCT-1,keep
TGCTCGTAGTACCATC-1,keep
TGCTCGTCACTTGTGA-1,keep
TGCTCGTGTGTTAAAG-1,keep
TGCTGAAAGAGAGGTA-1,keep
TGCTGAAAGGTTATAG-1,keep
TGCTGAAAGTAACAGT-1,keep
TGCTGAAAGTTGGAGC-1,keep
TGCTGAAGTAATGCGG-1,keep
TGCTGAAGTCATCCCT-1,keep
TGCTGAAGTTAGTTCG-1,keep
TGCTTCGAGGCTAAAT-1,keep
TGCTTCGCAAGGCCTC-1,keep
TGCTTCGCAATTCTTC-1,keep
TGCTTCGCAGACCAAG-1,keep
TGCTTCGGTACGATGG-1,keep
TGCTTCGGTGGCTGAA-1,keep
TGCTTCGTCAACGTGT-1,keep
TGCTTGCAGAGAGTGA-1,keep
TGCTTGCGTATCGAGG-1,keep
TGCTTGCTCGACACCG-1,keep
TGCTTGCTCTCTCTAA-1,keep
TGGAACTAGCGAGAAA-1,keep
TGGAACTAGCTAGCCC-1,keep
TGGAACTCACTGCGTG-1,keep
TGGAACTGTAGTAAGT-1,keep
TGGAACTTCAGGAAAT-1,keep
TGGAACTTCTTACACT-1,keep
TGGAGAGGTTGCTCAA-1,keep
TGGAGAGTCATGTCTT-1,keep
TGGAGGAAGACCCGCT-1,keep
TGGAGGAAGTATCCTG-1,keep
TGGAGGACACCAACAT-1,keep
TGGAGGACATCTCAAG-1,keep
TGGAGGAGTTAACCTG-1,keep
TGGATCAAGATGTTCC-1,keep
TGGATCAAGCGCAATG-1,keep
TGGATCACAAAGACTA-1,keep
TGGATCACATAACGGG-1,keep
TGGATCAGTGGCGTAA-1,keep
TGGATCATCACTAGCA-1,keep
TGGATCATCGCTCTAC-1,keep
TGGATGTAGGTAGATT-1,keep
TGGATGTGTGTCTCCT-1,keep
TGGCGTGCACGGTGAA-1,keep
TGGCGTGGTACCCAGC-1,keep
TGGCGTGGTACTCGTA-1,keep
TGGCGTGGTCATAGTC-1,keep
TGGCGTGTCAACCGAT-1,keep
TGGCGTGTCCTATGGA-1,keep
TGGGAAGAGAATTGCA-1,keep
TGGGAAGAGAGAGAAC-1,keep
TGGGAAGAGCCTGAGA-1,keep
TGGGAAGAGCGAAACC-1,keep
TGGGAAGAGCGACTGA-1,keep
TGGGAAGGTACCTGTA-1,keep
TGGGAAGGTTGAAGTA-1,keep
TGGGAAGTCACCTACC-1,keep
TGGGAAGTCGTCTACC-1,keep
TGGGAGAAGCATGGGT-1,keep
TGGGAGAAGCCTTCTC-1,keep
TGGGAGAAGGACGGAG-1,keep
TGGGAGAAGGCAATGC-1,keep
TGGGAGAAGGCGTTAG-1,keep
TGGGAGACACCGTGCA-1,keep
TGGGAGAGTCGTAATC-1,keep
TGGGAGAGTGTTAAAG-1,keep
TGGGATTAGAGTGACC-1,keep
TGGGATTGTGTCCCTT-1,keep
TGGGATTTCGGACCAC-1,keep
TGGGCGTCAAGAAATC-1,keep
TGGGCGTGTTGTGTAC-1,keep
TGGGCGTTCAATCTTC-1,keep
TGGGCTGCACTACTTT-1,keep
TGGGCTGGTCGTGCCA-1,keep
TGGGCTGTCAGGAGAC-1,keep
TGGGCTGTCGCTTACC-1,keep
TGGGCTGTCTCTCAAT-1,keep
TGGGTTAAGCAACTTC-1,keep
TGGGTTAAGCGACATG-1,keep
TGGGTTAAGGCGCTTC-1,keep
TGGGTTACAAGTGGAC-1,keep
TGGGTTACACAGTCAT-1,keep
TGGGTTACACTGCGTG-1,keep
TGGGTTACAGTTCACA-1,keep
TGGGTTACATCTGCGG-1,keep
TGGGTTATCGCAAGAG-1,keep
TGGTACAAGTCCGTCG-1,keep
TGGTACAAGTGAGGCT-1,keep
TGGTACAAGTGCAGGT-1,keep
TGGTACACACGCGTCA-1,keep
TGGTACACAGGATCTT-1,keep
TGGTACACAGTTTCAG-1,keep
TGGTACACATGTACGT-1,keep
TGGTACAGTGGCTGCT-1,keep
TGGTACATCCCAGGCA-1,keep
TGGTACATCCTTATGT-1,keep
TGGTACATCTCCGCAT-1,keep
TGGTAGTAGAATCTAG-1,keep
TGGTAGTAGAGTTCGG-1,keep
TGGTAGTCAGCTCCTT-1,keep
TGGTAGTGTAGTTACC-1,keep
TGGTAGTGTGGCAGAT-1,keep
TGGTAGTTCAAACGAA-1,keep
TGGTAGTTCGTCAAAC-1,keep
TGGTGATAGGTAATCA-1,keep
TGGTGATAGGTACAAT-1,keep
TGGTGATCATCGTGGC-1,keep
TGGTGATGTGCAGGAT-1,keep
TGGTGATTCTGCCCTA-1,keep
TGGTTAGCAGACAATA-1,keep
TGGTTAGTCGTCAGAT-1,keep
TGGTTAGTCTAGATCG-1,keep
TGTAACGTCCCTGGTT-1,keep
TGTAAGCAGGATGCGT-1,keep
TGTAAGCCAAGTGCTT-1,keep
TGTAAGCCATTCTCCG-1,keep
TGTAAGCGTCGTGGAA-1,keep
TGTACAGAGGTGCTGA-1,keep
TGTACAGGTATCGCAT-1,keep
TGTACAGGTTAATGAG-1,keep
TGTAGACAGCACGATG-1,keep
TGTAGACAGGACTTCT-1,keep
TGTAGACCAATCGTCA-1,keep
TGTAGACCACGCAGTC-1,keep
TGTAGACGTGCTTATG-1,keep
TGTAGACTCAAACCCA-1,keep
TGTAGACTCTAGTGTG-1,keep
TGTCAGAAGATCGGTG-1,keep
TGTCAGAAGCATCTTG-1,keep
TGTCAGAGTCATCGGC-1,keep
TGTCAGATCCGCACGA-1,keep
TGTCAGATCGTGACTA-1,keep
TGTCCACCAGAGCCCT-1,keep
TGTCCACTCTACTCAT-1,keep
TGTCCCAAGCATCAAA-1,keep
TGTCCCACACCCTCTA-1,keep
TGTCCCAGTCGTAATC-1,keep
TGTCCCATCCTGTTAT-1,keep
TGTCCTGAGGACAAGA-1,keep
TGTCCTGCACAAGTTC-1,keep
TGTGAGTCACTCCGAG-1,keep
TGTGAGTTCACCGACG-1,keep
TGTGAGTTCTCCCTAG-1,keep
TGTGATGCAACCGCCA-1,keep
TGTGATGCATCGGTTA-1,keep
TGTGATGGTCGCATGC-1,keep
TGTGATGGTGGTCTCG-1,keep
TGTGATGTCGCCGTGA-1,keep
TGTGCGGAGACTGGGT-1,keep
TGTGCGGAGCCAGAGT-1,keep
TGTGCGGAGCTGCGAA-1,keep
TGTGCGGCATCGGAAG-1,keep
TGTGCGGGTAGTCCTA-1,keep
TGTGCGGGTATGCGTT-1,keep
TGTGCGGGTCGAAGCA-1,keep
TGTGGCGAGAGTACCG-1,keep
TGTGGCGCATGGCCCA-1,keep
TGTGGCGGTGTACGCC-1,keep
TGTGGCGTCCATCGTC-1,keep
TGTGTGAAGCGCCCAT-1,keep
TGTGTGATCAACCGAT-1,keep
TGTTACTAGCTTACGT-1,keep
TGTTACTCACCCTAGG-1,keep
TGTTACTCACTCGATA-1,keep
TGTTACTCAGACCGCT-1,keep
TGTTACTCAGCAGACA-1,keep
TGTTACTCAGTGGCTC-1,keep
TGTTACTGTACGTACT-1,keep
TGTTACTGTTACCTGA-1,keep
TGTTACTTCCTGTAGA-1,keep
TGTTCATCACCCTTGT-1,keep
TGTTCATGTCAAGGCA-1,keep
TGTTCATGTGTTGAGG-1,keep
TGTTCATTCAGACCTA-1,keep
TGTTCATTCGGCTTCT-1,keep
TGTTCATTCTGGGCAC-1,keep
TGTTCCGAGCCTCAAT-1,keep
TGTTCCGGTACCAATC-1,keep
TGTTCCGGTAGGTTTC-1,keep
TGTTCCGGTGGTCCCA-1,keep
TGTTCCGTCTCCGATC-1,keep
TGTTCTATCCACGTGG-1,keep
TGTTCTATCCCATAGA-1,keep
TGTTGAGAGGCCTAGA-1,keep
TGTTGAGCATTCTTCA-1,keep
TGTTGAGGTAAGACCG-1,keep
TGTTGAGGTTCAGTAC-1,keep
TGTTGAGTCTCCGCAT-1,keep
TGTTGAGTCTCTCCGA-1,keep
TGTTGGAAGGGTCAAC-1,keep
TGTTGGACAAATTGGA-1,keep
TGTTGGACAATTCGTG-1,keep
TGTTGGACACGTCGTG-1,keep
TGTTGGATCATTGTGG-1,keep
TGTTGGATCTCCTACG-1,keep
TGTTGGATCTGAATCG-1,keep
TGTTTGTAGCAATAAC-1,keep
TGTTTGTCAGTACTAC-1,keep
TGTTTGTGTGCCTTCT-1,keep
TGTTTGTGTGTACATC-1,keep
TTAATCCAGACATACA-1,keep
TTAATCCAGAGGACTC-1,keep
TTAATCCAGAGTACCG-1,keep
TTAATCCAGTTCCGGC-1,keep
TTACAGGAGTCGGCCT-1,keep
TTACAGGAGTTGCTGT-1,keep
TTACAGGCAATCAAGA-1,keep
TTACAGGCACTGAATC-1,keep
TTACAGGGTCACAATC-1,keep
TTACAGGTCACCATAG-1,keep
TTACAGGTCGTAGGAG-1,keep
TTACCATAGCCTCTCT-1,keep
TTACCATAGGACACTG-1,keep
TTACCATAGGTGCTGA-1,keep
TTACCATAGTTAACAG-1,keep
TTACCATCAAATCGTC-1,keep
TTACCATCACTGGACC-1,keep
TTACCATCATACATCG-1,keep
TTACCGCAGAAGCGCT-1,keep
TTACCGCGTTACACTG-1,keep
TTACCGCTCGTGACTA-1,keep
TTACCGCTCTTACCAT-1,keep
TTACGCCGTACGGATG-1,keep
TTACGCCGTCATCGCG-1,keep
TTACGCCTCGAGTGGA-1,keep
TTACGCCTCGATTCCC-1,keep
TTACGCCTCGCCGAAC-1,keep
TTACGCCTCTACTGAG-1,keep
TTACGCCTCTAGTGTG-1,keep
TTACGTTAGAAGAGCA-1,keep
TTACGTTGTTGATGTC-1,keep
TTACGTTGTTGGGTAG-1,keep
TTACTGTAGATTCGAA-1,keep
TTACTGTCACTGTTCC-1,keep
TTACTGTCATGAAGGC-1,keep
TTACTGTGTAGGTCAG-1,keep
TTACTGTGTCACAGTT-1,keep
TTACTGTTCAATCGGT-1,keep
TTACTGTTCTCAAAGC-1,keep
TTACTGTTCTTAGGAC-1,keep
TTAGGCAAGAGCATAT-1,keep
TTAGGCAAGTAGTCCT-1,keep
TTAGGCAGTCAGTTTG-1,keep
TTAGGCATCCATCTAT-1,keep
TTAGGCATCTAGACAC-1,keep
TTAGGCATCTATACGG-1,keep
TTAGGCATCTCACCCA-1,keep
TTAGGGTAGGCTTAAA-1,keep
TTAGGGTAGTCATAGA-1,keep
TTAGGGTGTCCGATCG-1,keep
TTAGGGTGTTAGAGTA-1,keep
TTAGGGTTCAACCTTT-1,keep
TTAGGGTTCAGCATTG-1,keep
TTAGGGTTCAGGACAG-1,keep
TTAGGGTTCCAACTAG-1,keep
TTAGTCTAGCGACATG-1,keep
TTAGTCTAGCGCCATC-1,keep
TTAGTCTAGGATTCCT-1,keep
TTAGTCTCACGCGTCA-1,keep
TTATTGCAGCAAGTGC-1,keep
TTATTGCAGCCTGTGC-1,keep
TTATTGCCAGGAGACT-1,keep
TTATTGCCAGTTGTTG-1,keep
TTATTGCCATACTGTG-1,keep
TTATTGCCATGAGATA-1,keep
TTATTGCGTGCCCGTA-1,keep
TTATTGCTCCGCAAAT-1,keep
TTATTGCTCTCACCCA-1,keep
TTATTGCTCTGCTGAA-1,keep
TTCAATCGTCATGCAT-1,keep
TTCAATCGTCTGTGTA-1,keep
TTCAATCGTGCCTGAC-1,keep
TTCAATCTCATTTCCA-1,keep
TTCACCGAGCGCCTCA-1,keep
TTCACCGAGGTGCTTT-1,keep
TTCACCGCAGTAACAA-1,keep
TTCACCGGTGAATTAG-1,keep
TTCACCGGTTGTTGTG-1,keep
TTCACCGTCGAAGTGG-1,keep
TTCACCGTCTACGGGC-1,keep
TTCACGCAGCCTTTGA-1,keep
TTCACGCCAATTCACG-1,keep
TTCACGCCAGCTTCGG-1,keep
TTCACGCCAGTTAGGG-1,keep
TTCACGCCATTCAGCA-1,keep
TTCACGCGTAAGATTG-1,keep
TTCAGGAAGCCTAACT-1,keep
TTCAGGAAGTCGCCCA-1,keep
TTCAGGAAGTCTTGGT-1,keep
TTCAGGACAACCAGAG-1,keep
TTCAGGACATGCTGCG-1,keep
TTCAGGAGTAGTCGGA-1,keep
TTCAGGATCCGCGATG-1,keep
TTCAGGATCGTGGTAT-1,keep
TTCATGTAGATTAGAC-1,keep
TTCATGTAGGTAACTA-1,keep
TTCATGTAGGTAGTCG-1,keep
TTCATGTCAGTAACGG-1,keep
TTCATGTTCGCTTACC-1,keep
TTCATTGAGACTCTTG-1,keep
TTCATTGCATCTAGAC-1,keep
TTCATTGGTTAATGAG-1,keep
TTCATTGTCCTTGGAA-1,keep
TTCCAATAGACCAGCA-1,keep
TTCCAATAGGTTACCT-1,keep
TTCCAATAGTTCGGTT-1,keep
TTCCAATCACAGTATC-1,keep
TTCCACGCAAATGCGG-1,keep
TTCCACGTCACTTCTA-1,keep
TTCCACGTCCTACACC-1,keep
TTCCACGTCGACCAAT-1,keep
TTCCGGTAGACAACAT-1,keep
TTCCGGTAGATGCGAC-1,keep
TTCCGGTAGGGTCAAC-1,keep
TTCCGGTGTACGCTTA-1,keep
TTCCGGTGTAGCTTTG-1,keep
TTCCGGTTCAAGTCGT-1,keep
TTCCGGTTCCCATGGG-1,keep
TTCCGTGCAGGATGAC-1,keep
TTCCGTGGTCACTAGT-1,keep
TTCCGTGGTCGCATCG-1,keep
TTCCGTGTCATACGGT-1,keep
TTCCTAAAGCTCGGCT-1,keep
TTCCTAACAAAGGGTC-1,keep
TTCCTAACACACGGAA-1,keep
TTCCTAATCCCATGGG-1,keep
TTCCTAATCGCGTGAC-1,keep
TTCCTCTCACGGTGCT-1,keep
TTCCTCTTCTGCGTCT-1,keep
TTCCTTCAGAGCAAGA-1,keep
TTCCTTCAGCCTGAGA-1,keep
TTCCTTCAGGAAGTGA-1,keep
TTCCTTCGTAGCTTGT-1,keep
TTCCTTCGTCATCCCT-1,keep
TTCCTTCTCTCTCGAC-1,keep
TTCGATTCACGTACAT-1,keep
TTCGATTGTATCGAAA-1,keep
TTCGATTGTTCAATCG-1,keep
TTCGATTTCGTGGAAG-1,keep
TTCGATTTCTGAGGCC-1,keep
TTCGCTGAGGAACTCG-1,keep
TTCGCTGCAATGAAAC-1,keep
TTCGCTGCACGTCTCT-1,keep
TTCGCTGGTATCAGGG-1,keep
TTCGCTGGTCCTTTGC-1,keep
TTCGCTGGTTCCACAA-1,keep
TTCGGTCAGCTCCACG-1,keep
TTCGGTCAGGACTTCT-1,keep
TTCGGTCAGTTACGTC-1,keep
TTCGGTCGTTGGATCT-1,keep
TTCGGTCTCAGGAACG-1,keep
TTCGGTCTCTTCCACG-1,keep
TTCTAACAGACCAGAC-1,keep
TTCTAACAGCGCTTCG-1,keep
TTCTAGTCAACCGTGC-1,keep
TTCTAGTGTCCGAAGA-1,keep
TTCTAGTTCTAACGCA-1,keep
TTCTAGTTCTGAGGCC-1,keep
TTCTAGTTCTGTGCAA-1,keep
TTCTAGTTCTTTCTAG-1,keep
TTCTCTCGTCGACTGC-1,keep
TTCTCTCGTTTCACAG-1,keep
TTCTCTCTCATCACAG-1,keep
TTCTCTCTCCACCTGT-1,keep
TTCTCTCTCTGCTCTG-1,keep
TTCTGTAAGAGTGAAG-1,keep
TTCTGTAAGTTAACGA-1,keep
TTCTGTAAGTTGAAGT-1,keep
TTCTGTACATATTCGG-1,keep
TTCTGTATCACAACCA-1,keep
TTCTTCCAGGTCGTCC-1,keep
TTCTTCCCATTGCTTT-1,keep
TTCTTCCGTCCCGCAA-1,keep
TTCTTCCGTCCCTGTT-1,keep
TTCTTCCGTTGATGTC-1,keep
TTCTTCCGTTGGCCTG-1,keep
TTCTTCCTCACTGTTT-1,keep
TTCTTCCTCTTGAACG-1,keep
TTCTTGACATTGGATC-1,keep
TTCTTGAGTACGATGG-1,keep
TTCTTGATCAGTCACA-1,keep
TTCTTGATCCACACCT-1,keep
TTCTTGATCGACTCCT-1,keep
TTGAACGAGAAATCCA-1,keep
TTGAACGCAATGGGTG-1,keep
TTGAACGCACTGCATA-1,keep
TTGAACGCAGGAAGTC-1,keep
TTGAACGTCAGTGGGA-1,keep
TTGACCCGTATCGCTA-1,keep
TTGACCCGTTTGTTGG-1,keep
TTGACCCTCACTGTCC-1,keep
TTGACCCTCTGCTGAA-1,keep
TTGAGTGAGGCTAGCA-1,keep
TTGAGTGCAAGTAGTA-1,keep
TTGAGTGGTAGCACAG-1,keep
TTGAGTGGTGTCCATA-1,keep
TTGAGTGGTTGTAGCT-1,keep
TTGAGTGGTTTACTTC-1,keep
TTGAGTGTCTGGAGAG-1,keep
TTGAGTGTCTTTACAC-1,keep
TTGATGGAGGTTAGTA-1,keep
TTGATGGGTATCATGC-1,keep
TTGATGGTCTAGATCG-1,keep
TTGATGGTCTATACTC-1,keep
TTGCATTTCTCGTCAC-1,keep
TTGCATTTCTCGTGAA-1,keep
TTGCCTGAGTGGCGAT-1,keep
TTGCCTGCATATGGCT-1,keep
TTGCCTGGTCGGAAAC-1,keep
TTGCCTGGTCGGATTT-1,keep
TTGCGTCAGAAGTATC-1,keep
TTGCGTCAGAGATTCA-1,keep
TTGCGTCGTAGGTAGC-1,keep
TTGCGTCGTAGTACGG-1,keep
TTGCGTCTCCCTTTGG-1,keep
TTGCTGCAGTCTACCA-1,keep
TTGCTGCAGTGATTCC-1,keep
TTGCTGCGTGCTATTG-1,keep
TTGGATGAGCGTGCCT-1,keep
TTGGATGCACAATGAA-1,keep
TTGGATGCATGTGGTT-1,keep
TTGGATGGTACGACAG-1,keep
TTGGGATAGGACACTG-1,keep
TTGGGATAGTTCATCG-1,keep
TTGGGATCAATTGGTC-1,keep
TTGGGATCAATTTCGG-1,keep
TTGGGATCACCAGTTA-1,keep
TTGGGATCACGTAGAG-1,keep
TTGGGATCACTAGGTT-1,keep
TTGGGCGAGACGTCGA-1,keep
TTGGGCGCAGACCCGT-1,keep
TTGGGCGCAGTATGAA-1,keep
TTGGGCGGTAGAGCTG-1,keep
TTGGGCGGTTGCATCA-1,keep
TTGGGTAAGAGTTGTA-1,keep
TTGGGTAAGCCTGGAA-1,keep
TTGGGTACAGTTCACA-1,keep
TTGGGTATCGAGTTGT-1,keep
TTGGTTTAGACTCCGC-1,keep
TTGGTTTAGCCTGGAA-1,keep
TTGGTTTAGGAGAGGC-1,keep
TTGGTTTCACAATGCT-1,keep
TTGGTTTCACTACTTT-1,keep
TTGGTTTGTAGCGTCC-1,keep
TTGGTTTGTCTTGTCC-1,keep
TTGGTTTGTGTGCCTG-1,keep
TTGTGGACAGTAGATA-1,keep
TTGTGGATCAGTCTTT-1,keep
TTGTGGATCATCACTT-1,keep
TTGTGGATCGCTTGAA-1,keep
TTGTGTTAGACCTGGA-1,keep
TTGTGTTCACAAGTTC-1,keep
TTGTGTTTCCTTTAGT-1,keep
TTGTTCACAGACATCT-1,keep
TTGTTCAGTCACTCGG-1,keep
TTGTTCATCTCAGAAC-1,keep
TTGTTGTCAGCGTGCT-1,keep
TTGTTGTGTGACCGTC-1,keep
TTGTTGTGTTTAGTCG-1,keep
TTGTTGTTCGCCAGTG-1,keep
TTGTTTGGTCGTATGT-1,keep
TTGTTTGTCTTCTGGC-1,keep
TTTACCAAGGTGCCAA-1,keep
TTTACCAAGGTTAAAC-1,keep
TTTACCAGTATGCGGA-1,keep
TTTACCAGTGGTACAG-1,keep
TTTACCAGTTCTAACG-1,keep
TTTACGTAGAGTTCGG-1,keep
TTTACGTAGCGAACTG-1,keep
TTTACGTAGTCTGTAC-1,keep
TTTACGTCAATTGCCA-1,keep
TTTACGTCACGCTGTG-1,keep
TTTACGTCAGCGACCT-1,keep
TTTACGTTCCGGCAGT-1,keep
TTTACGTTCGGTCTGG-1,keep
TTTACTGGTTAAGCAA-1,keep
TTTACTGTCAACTGAC-1,keep
TTTAGTCAGCTGACAG-1,keep
TTTAGTCCAGACCTGC-1,keep
TTTAGTCCAGGGTCTC-1,keep
TTTAGTCTCATCACTT-1,keep
TTTATGCAGATGCTGG-1,keep
TTTATGCCAAGTAGTA-1,keep
TTTATGCGTACGTGTT-1,keep
TTTATGCTCATCGGGC-1,keep
TTTATGCTCCTCCACA-1,keep
TTTCACAGTCGGATTT-1,keep
TTTCAGTAGTCGGCCT-1,keep
TTTCAGTCAGCCGGTT-1,keep
TTTCAGTCAGGAGGTT-1,keep
TTTCAGTGTGGTCTAT-1,keep
TTTCAGTGTTATGGTC-1,keep
TTTCAGTTCCCATTCG-1,keep
TTTCAGTTCCGTGGCA-1,keep
TTTCATGAGGAGAGTA-1,keep
TTTCATGAGTTGTAAG-1,keep
TTTCATGAGTTTGAGA-1,keep
TTTCATGCACCCTTAC-1,keep
TTTCATGCAGCCGTCA-1,keep
TTTCATGGTGTCGATT-1,keep
TTTCATGTCCCGAATA-1,keep
TTTCCTCAGATCCCAT-1,keep
TTTCCTCAGGTAAGTT-1,keep
TTTCCTCAGTATTGCC-1,keep
TTTCCTCCAATAGTAG-1,keep
TTTCCTCCAGATCCTA-1,keep
TTTCCTCTCATGCAGT-1,keep
TTTCCTCTCTGTCTCG-1,keep
TTTCGATAGGGTCTTT-1,keep
TTTCGATAGTGAGGTC-1,keep
TTTCGATTCCACATAG-1,keep
TTTGACTAGAGCAGAA-1,keep
TTTGACTAGATTGAGT-1,keep
TTTGACTTCCATAGGT-1,keep
TTTGACTTCTAACGGT-1,keep
TTTGACTTCTCCCTAG-1,keep
TTTGATCCACACAGAG-1,keep
TTTGATCCACCCTGTT-1,keep
TTTGATCCACCTCTGT-1,keep
TTTGATCCACTTGTCC-1,keep
TTTGATCGTAATCAGA-1,keep
TTTGATCTCCAAACCA-1,keep
TTTGGAGAGCCTCACG-1,keep
TTTGGAGCAGTTAAAG-1,keep
TTTGGAGTCCCGTAAA-1,keep
TTTGGAGTCGTGTGGC-1,keep
TTTGGTTCAACTGCCG-1,keep
TTTGGTTGTATTGACC-1,keep
TTTGGTTTCGCCGTGA-1,keep
TTTGGTTTCGCTTAAG-1,keep
TTTGTTGCAACTCATG-1,keep
TTTGTTGCAATGTTGC-1,keep
